,movieCd,starScore,userCount
0,20129370,8.47,67132
1,20150976,7.87,57376
2,20137048,9.01,41599
3,20090834,9.06,40992
4,20148048,9.01,41051
5,20124034,7.6,20880
6,20127593,8.85,46433
7,20148851,8.97,41051
8,20124079,9.23,27779
9,20162869,9.06,48945
10,20156564,8,59095
11,20090074,7.49,25855
12,20134803,8.98,95055
13,20148493,8.31,31323
14,20136803,9.12,37017
15,20149120,9.09,50137
16,20145507,7.94,27757
17,20126091,7.97,14564
18,20121621,8.85,15458
19,20126674,7.97,37849
20,20159364,8.67,37730
21,20131102,9,20624
22,20136064,8.27,25575
23,20090307,9.13,40883
24,20081672,9.2,31621
25,20151228,8.28,25098
26,20110659,7.07,13724
27,20136068,7.98,20765
28,20112207,8.73,6649
29,20090303,8.11,15141
30,20159646,8.42,23789
31,20110302,7.92,14204
32,20110193,9.11,18012
33,20167303,8.4,18642
34,20170590,9.25,31156
35,20124083,7.81,20164
36,20161725,8.1,22146
37,20154910,8.37,25173
38,20124721,8.79,17893
39,20149314,8.98,24945
40,20156250,8.03,40067
41,20153444,8.46,23513
42,20126672,7.11,38176
43,20140194,7.6,46264
44,20172742,9.14,28441
45,20072152,7.73,19786
46,20124054,8.64,34556
47,20161481,5.28,53873
48,20112703,9.01,25227
49,20100214,9.22,27834
50,20148846,8.23,21271
51,20090077,8.18,19656
52,20157881,8.74,14653
53,20140110,8.82,22314
54,20134798,8.99,29732
55,20100312,9.21,24692
56,20128274,8.34,22535
57,20162442,8.37,19016
58,20136049,6.81,13468
59,20150979,8.38,22677
60,20136052,8.27,17269
61,20098169,7.88,18235
62,20090904,8.86,14316
63,20122783,7.77,13403
64,20090685,7.63,12074
65,20163181,8.71,18599
66,20145503,8.31,21321
67,20170561,7.51,16385
68,20151229,8.09,21775
69,20112695,8.77,9534
70,20122021,6.6,17274
71,20177478,8.97,33553
72,20122122,8.2,13385
73,20124039,8.04,14145
74,20164721,8.79,18069
75,20080046,9.09,16636
76,20110511,8.72,4034
77,20151225,9.06,18120
78,20175222,8.4,20281
79,20124067,7.59,8153
80,20151383,8.41,15626
81,20175121,8.83,16880
82,20126077,7.75,9044
83,20141111,9.23,15330
84,20102414,8.13,9741
85,20123501,6.92,25964
86,20113557,8.6,7472
87,20155501,9.35,18310
88,20148807,8.93,16520
89,20124401,8.89,20848
90,20080653,9.02,7981
91,20162365,8.21,15424
92,20112534,9.26,10165
93,20113554,8.55,8753
94,20144641,8.36,19143
95,20090238,8.18,8259
96,20081169,8.44,5837
97,20124062,7.22,12910
98,20090933,7.35,6507
99,20170402,8.36,18879
100,20111009,9.31,11866
101,20080396,8.88,10332
102,20147669,8.87,14056
103,20080736,8.53,6143
104,20144444,7.09,23257
105,20135661,7.76,13089
106,20070675,7.43,4416
107,20124938,8.35,10550
108,20124074,8.65,14694
109,20080996,5.69,5675
110,20081737,8.28,9094
111,20081056,9.32,26010
112,20113743,8.88,6192
113,20070382,8.58,8318
114,20165748,7.65,12340
115,20148973,8.53,12525
116,20134804,7.27,15768
117,20151803,8.63,9577
118,20147790,8.92,12697
119,20124935,8.09,11136
120,20149570,7.67,8506
121,20139183,7.06,17122
122,20144741,8.76,19127
123,20165450,8.02,16223
124,20081716,7.22,10498
125,20081001,8.3,7802
126,20166488,7.24,13784
127,20167542,8.97,11021
128,20161872,8.75,31225
129,20152022,8.97,13659
130,20161364,9.16,20843
131,20112173,9.06,12184
132,20167904,8.59,22962
133,20139201,8.04,11815
134,20179985,9.23,14457
135,20113535,8.92,7344
136,20130442,9,14290
137,20149629,9.02,18048
138,20124086,6.97,5813
139,20176104,8.92,13836
140,20100209,7.02,8015
141,20100296,8.22,19743
142,20113885,8.16,4888
143,20135428,9.15,13758
144,20173403,8.69,8847
145,20153781,8.21,15184
146,20174142,9.35,13883
147,20154141,7.76,12822
148,20143580,9.11,9465
149,20141384,7.71,9503
150,20139221,8.27,12990
151,20110294,8.1,5471
152,20110290,7.87,9659
153,20124937,7.06,12167
154,20150203,8.32,12444
155,20090914,9.06,13252
156,20090297,8.43,5794
157,20170982,8.3,9299
158,20148845,7.65,9279
159,20138355,8.38,4682
160,20090927,7.36,3794
161,20090248,8.01,9314
162,20136962,8,5535
163,20090379,6.83,10470
164,20113381,8.55,6846
165,20131248,8.93,9470
166,20154661,8.34,10539
167,20137044,6.24,7483
168,20088506,6.37,52358
169,20081727,8.69,6480
170,20119515,8.64,10434
171,20150523,8.2,13812
172,20162181,7.59,9537
173,20100370,7.7,4365
174,20101223,8.87,12513
175,20080847,8.23,5353
176,20148855,8.09,7437
177,20139164,7.5,8165
178,20155702,8.61,8700
179,20140226,8.48,9383
180,20125048,8.42,8925
181,20140431,8.29,10421
182,20101224,8.2,6658
183,20149951,9.11,10771
184,20164621,8.3,17648
185,20110896,8.77,7041
186,20100213,8.66,6211
187,20150622,8.07,10270
188,20163603,8.93,11228
189,20100834,8.73,9668
190,20080873,7.33,4260
191,20124075,8.49,11464
192,20138881,8.04,9586
193,20164501,8.46,11477
194,20090015,7.04,3052
195,20090427,7.65,6052
196,20100018,6.31,5611
197,20180804,6.49,15787
198,20134582,9.32,8366
199,20154909,7.72,10657
200,20126469,8.71,7033
201,20156557,8.47,8567
202,20145361,7.93,7880
203,20113533,6.8,4466
204,20166967,6.33,14119
205,20161907,8.39,14408
206,20100190,9.33,8631
207,20159058,8.52,9038
208,20170669,8.72,12300
209,20119618,7.61,3890
210,20153443,6.27,22587
211,20090605,6.68,5002
212,20162722,7.9,9185
213,20149265,7.11,8888
214,20136961,7.65,14509
215,20110561,9.05,6053
216,20162967,8.44,7980
217,20156082,8.58,9246
218,20150964,8.04,16267
219,20124399,8.57,10298
220,20174061,8.67,6804
221,20124050,7.91,6429
222,20125920,7.52,5607
223,20179205,6.67,8386
224,20166421,8.49,8044
225,20110613,8.02,4702
226,20123383,7.82,6219
227,20080337,9.2,11480
228,20113461,7.86,6003
229,20112272,4.14,3735
230,20110297,8.09,7602
231,20178982,8.09,9416
232,20081611,6.28,4221
233,20101209,6.25,17806
234,20158621,8.78,8699
235,20165443,9.15,10732
236,20128447,6.98,3666
237,20175054,7.88,9912
238,20134267,8.48,5462
239,20100310,8.35,3935
240,20131381,7.85,7149
241,20100333,8.03,1445
242,20081366,7.96,4439
243,20152781,6.86,14040
244,20171122,8.57,12377
245,20112134,7.45,10649
246,20112621,8,2833
247,20081003,6.13,12990
248,20119513,3.35,20202
249,20090856,8.19,5383
250,20081484,7.06,2235
251,20110279,8.88,5559
252,20149569,7.63,7374
253,20136888,7.13,8828
254,20090930,7.52,5826
255,20137961,7.86,12375
256,20101222,7.81,9677
257,20168261,7.71,12536
258,20101010,6.68,13251
259,20090329,7.03,6313
260,20110295,7.16,9418
261,20175262,8.23,9496
262,20147930,8.01,5438
263,20150972,8.1,6676
264,20100361,7.39,5031
265,20122784,8.54,5662
266,20147299,8.6,6336
267,20150025,9.03,7318
268,20101221,8.52,7602
269,20113862,8.41,2062
270,20149811,8.23,6440
271,20161827,9.05,12774
272,20080968,7.89,3659
273,20143572,7.73,13363
274,20179901,7.92,9776
275,20159644,7.72,8469
276,20133602,6.07,8012
277,20154001,7.79,9676
278,20100193,8.68,4746
279,20090282,7.48,2806
280,20137043,8.65,8709
281,20135656,7.08,9763
282,20090828,6.6,9588
283,20090234,8.15,4164
284,20161081,7.29,10508
285,20162941,8.24,8016
286,20137549,9.05,1537
287,20090484,8.76,4578
288,20090156,7.35,3817
289,20152963,7,14737
290,20142407,6.65,9254
291,20102416,8.85,6773
292,20090923,6.47,6206
293,20100305,7.55,4804
294,20128690,7.43,5714
295,20119341,7.87,5922
296,20143642,7.86,6269
297,20124045,8.54,6747
298,20113972,7.06,5357
299,20174602,8.94,14724
300,20134123,8.82,5034
301,20100301,7.85,11991
302,20124936,8.22,5761
303,20157432,7.03,6501
304,20090051,7.58,6831
305,20071013,8.16,4625
306,20135221,8.81,5146
307,20081395,5.05,5112
308,20168221,7.76,11365
309,20090024,8.88,10050
310,20129606,7.17,4017
311,20140425,8.29,8090
312,20145171,8,10641
313,20102417,5.72,3733
314,20141962,8.78,6740
315,20125333,7.6,6272
316,20134589,8.32,5348
317,20162025,8.96,6747
318,20113916,6.68,4726
319,20171962,8.38,3210
320,20124142,9.34,7515
321,20102415,7.77,6150
322,20144682,7.61,5641
323,20129368,8.24,10023
324,20171909,7.91,5380
325,20148188,6.07,8924
326,20080764,7.81,4587
327,20110211,7.3,4297
328,20090308,6.94,4903
329,20168183,7.78,7263
330,20080047,6.89,4371
331,20139881,7.61,7229
332,20170241,7.66,8619
333,20149859,8.69,4220
334,20126667,8.27,652
335,20124063,7.01,6676
336,20119337,9.34,7631
337,20161726,7.72,7822
338,20124136,9.03,2254
339,20119577,8.67,5913
340,20110185,8.97,3422
341,20071064,7.55,4218
342,20138226,8.36,3921
343,20110249,6.79,3409
344,20134594,7.06,7401
345,20123329,8.97,8290
346,20090951,7.24,2469
347,20157464,6.84,5915
348,20147247,7.18,4423
349,20128386,8.84,7675
350,20081723,4.6,6754
351,20080914,6.79,4397
352,20100833,5.61,4412
353,20080011,7.99,4661
354,20145141,8.78,9321
355,20124057,7.64,5199
356,20090014,5.9,2898
357,20090023,8.59,4605
358,20081686,8.2,4611
359,20134181,8.23,7840
360,20154242,8.59,5421
361,20140842,7.08,6214
362,20113260,8.93,6028
363,20170841,8.75,9413
364,20150782,7.28,10752
365,20071675,7.41,5657
366,20100377,9.37,7291
367,20080479,8.63,3796
368,20149266,6.95,7005
369,20172603,7.3,5213
370,20134082,6.84,9522
371,20110905,6.99,3249
372,20126406,8.65,833
373,20136219,8.33,5405
374,20133322,6.69,8533
375,20081696,7.84,3014
376,20123387,7.13,3091
377,20142406,7.75,9653
378,20126671,7.78,5328
379,20090931,6.85,4898
380,20081703,8.86,4880
381,20179462,9.37,12858
382,20167839,8.27,4947
383,20148383,8.22,5418
384,20100767,4.75,4352
385,20173581,8.17,9117
386,20168250,5.3,9003
387,20174622,8.22,6186
388,20176917,8.37,4748
389,20134028,7.44,5026
390,20164174,6.49,14807
391,20162871,7.4,7383
392,20140694,8.64,6713
393,20081697,7.86,10169
394,20124065,7.46,5236
395,20124066,7.1,5404
396,20090678,7.89,8612
397,20150969,6.56,8318
398,20111987,6.4,2998
399,20124082,7.76,11113
400,20155422,8.78,5213
401,20141261,8,4225
402,20090590,6.02,2990
403,20081057,9.38,9560
404,20178781,7.02,4631
405,20149317,8.55,8892
406,20124400,7.18,3824
407,20119707,7.53,7248
408,20081243,8.85,5995
409,20179382,8.14,11049
410,20151003,6.27,7562
411,20090222,8.22,3623
412,20157042,7.15,8123
413,20090336,9.23,8569
414,20110221,8.98,5823
415,20081791,7.88,1064
416,20124032,6.87,2304
417,20070563,8.09,1291
418,20090939,7.55,2404
419,20127634,7.67,1601
420,20100302,6.84,2989
421,20159645,8.3,4676
422,20139401,7.51,3330
423,20080379,7.32,2926
424,20125647,7.27,3120
425,20136061,7.04,2474
426,20100811,6.28,2999
427,20137811,7.22,3914
428,20162343,6.97,8820
429,20090225,8.01,3221
430,20123381,6.94,4503
431,20142621,7.11,6452
432,20124049,7.56,7115
433,20150971,6.5,8994
434,20129114,7.22,4140
435,20153447,6.16,4408
436,20101213,8.07,2617
437,20134590,6.67,4486
438,20080637,8.2,5044
439,20135241,8.52,12054
440,20152371,8.68,7418
441,20158482,9.36,10785
442,20124064,6.77,6300
443,20158150,8.67,9840
444,20140703,8.87,3848
445,20128687,6.06,2091
446,20135386,7.76,6621
447,20150567,8.22,4225
448,20153741,8.36,6542
449,20113653,7.11,1700
450,20090888,7.63,4410
451,20080148,5.41,2440
452,20120426,8.07,4878
453,20101200,8.27,4492
454,20166384,7.1,4134
455,20138544,8.31,4981
456,20090161,8.83,4076
457,20142855,7.85,3950
458,20070548,7.06,2247
459,20110906,6.97,2951
460,20090235,8.71,5156
461,20163217,7.39,4751
462,20113886,6.41,5518
463,20142402,6.9,5994
464,20143541,8.07,2229
465,20100131,7.6,3321
466,20100810,8.12,3023
467,20174603,6.79,7199
468,20126407,9.15,3499
469,20137121,6.13,6093
470,20080709,7.69,1215
471,20158483,8.49,5528
472,20090206,6.92,5376
473,20152782,7.27,4086
474,20119974,8.6,3433
475,20080149,8.66,3263
476,20090391,9.3,6000
477,20090311,7.58,2944
478,20157465,6.97,4509
479,20127595,7.31,4954
480,20100814,9,2518
481,20100215,7.62,804
482,20080291,6.49,2479
483,20100353,7.71,6045
484,20173694,7.46,5152
485,20112589,9.12,7153
486,20111540,8.56,985
487,20163183,8.44,5367
488,20126409,7.09,5376
489,20080032,7.82,3104
490,20101399,7.54,4406
491,20100103,8.3,6493
492,20101395,9.33,6700
493,20167481,7.98,6061
494,20081673,7.8,1751
495,20080830,8.3,2151
496,20168323,5.04,9779
497,20100835,7.92,4843
498,20129787,7.71,3835
499,20124051,7.41,2708
500,20143513,8.92,6620
501,20111571,8.51,1948
502,20134587,8,3896
503,20113671,7.59,3449
504,20124348,6.44,9258
505,20072151,8.05,3408
506,20138202,8.78,1655
507,20159648,7.23,4669
508,20148842,7.2,2804
509,20125086,7.69,7497
510,20121549,7.99,5028
511,20170443,6.66,6805
512,20090305,7.95,4081
513,20123641,7.69,2599
514,20131262,7.49,5588
515,20126448,8.78,2962
516,20081809,7.6,2280
517,20164844,6.1,11367
518,20090012,7.73,2355
519,20101348,8.98,3188
520,20072148,7.02,3710
521,20134046,8.67,6459
522,20135362,9.25,2121
523,20163215,8.5,5960
524,20090160,6.91,3164
525,20123681,8.57,642
526,20141113,6.87,4000
527,20122089,8.84,1100
528,20163294,7.94,5150
529,20159162,7.37,4324
530,20129388,9.3,2766
531,20101212,5.99,1934
532,20080663,9.02,4304
533,20134206,8.81,408
534,20177946,8.31,2641
535,20113887,5.8,4151
536,20124717,6.84,2560
537,20179696,6.98,5698
538,20129156,8.25,1138
539,20090408,8.78,1278
540,20102421,8.77,2720
541,20090425,9.03,6452
542,20124096,8.21,2796
543,20101133,6.26,18176
544,20100326,4.72,8309
545,20124402,6.46,3672
546,20135001,8.73,1332
547,20136761,7.81,407
548,20110312,6.19,3482
549,20178581,8.03,4596
550,20163661,7.64,3401
551,20080226,4.18,3021
552,20148461,6.73,4124
553,20140402,7.54,5232
554,20090579,8.96,10558
555,20150977,8.21,3667
556,19820019,7.29,5140
557,20169348,7.31,6219
558,20124629,7.5,3290
559,20080870,6.65,2228
560,20119619,7.74,1762
561,20148844,6.5,6087
562,20150741,6.84,2891
563,20174846,9.17,3814
564,20125990,7.8,4994
565,20171090,8.03,4595
566,20168885,8.89,3751
567,20112542,7.3,1611
568,20144683,8.15,2415
569,20090826,7.77,4640
570,20090554,7.45,2133
571,20151481,7.63,3450
572,20119637,8.28,1895
573,20080476,7.54,4420
574,20133701,8.16,525
575,20136802,8.62,5203
576,20100295,8.93,4285
577,20110233,6.82,3669
578,20147176,7.82,4725
579,20123333,7.26,2835
580,20130561,7.63,1713
581,20147727,8.35,5886
582,20110301,7.08,4453
583,20124080,7.42,3656
584,20113920,5.68,702
585,20168688,8.38,4838
586,20163194,6.98,4972
587,20138962,8.29,2342
588,20072686,6.7,2510
589,20163521,8.99,4402
590,20081744,9.03,2898
591,20149846,8.59,4476
592,20090895,4.67,2874
593,20090664,8.27,3004
594,20090237,8.65,6346
595,20151884,7.36,2422
596,20134801,6.26,3704
597,20080890,7.82,3968
598,20080394,6.95,4172
599,20090157,6.7,2987
600,20090085,8.37,5181
601,20156841,8.36,2390
602,20110251,6.99,3928
603,20147874,6.66,4540
604,20100380,8.6,1744
605,20080641,8.44,1324
606,20080009,7.31,3980
607,20150968,8.67,5041
608,20080230,8.16,1181
609,20100256,9.06,5546
610,20130522,7.95,5073
611,20080946,6.17,1399
612,20110303,7.8,2586
613,20156007,7.79,2846
614,20090176,8.48,1854
615,20100382,9.13,3594
616,20080038,8.56,1526
617,20158241,7.61,3571
618,20156207,8.3,2415
619,20161744,8.71,1938
620,20090195,8.02,861
621,20110296,5.07,1873
622,20161084,7.92,5068
623,20090718,8.26,1566
624,20090412,9.02,4058
625,20112651,7.31,1249
626,20090169,6.05,3367
627,20156748,7.35,3472
628,20119420,7.35,3221
629,20131246,7.15,4540
630,20068576,6.54,2958
631,20090327,4.58,1893
632,20081244,9,4955
633,20090953,7.6,1546
634,20151227,8.06,3175
635,20154906,6.15,7769
636,20081535,6.55,3482
637,20110657,8.95,1281
638,20110911,9.07,3365
639,20090528,7.02,1681
640,20112311,8.3,2265
641,20080393,8.17,497
642,20113745,7.43,3982
643,20145396,7.61,4176
644,20138224,8.14,3727
645,20090042,7.25,2391
646,20179281,8.16,6063
647,20144442,6.6,5042
648,20080833,6.82,3310
649,20100378,9.23,3498
650,20168891,9.14,3235
651,20090861,8.89,1480
652,20121861,8.14,2086
653,20112972,8.74,596
654,20143344,7.65,2274
655,20112704,7.42,4472
656,20090815,7.78,2616
657,20145504,7.01,4131
658,20166363,7.22,2133
659,20070551,6.24,4714
660,20113532,5.13,1938
661,20140193,6.37,4323
662,20090948,7.67,1741
663,20124127,7.19,4512
664,20090043,6.72,6316
665,20101113,8.02,2596
666,20124934,7.83,4333
667,20134984,9.01,1237
668,20100129,7.61,3532
669,20132482,5.97,3944
670,20111671,7.44,1304
671,20134533,7.58,945
672,20100975,8.61,2867
673,20134591,6.09,4514
674,20124420,7.28,1439
675,20147129,5.28,5644
676,20070660,6.84,3195
677,20177181,7.24,3243
678,20136812,8.06,4174
679,20081444,7.41,1603
680,20100813,5.88,1500
681,20100381,7.47,2167
682,20125866,5.81,2446
683,20080741,7.97,1569
684,20155563,8.64,3440
685,20135657,7.22,1596
686,20125426,7.48,1638
687,20156402,7.76,4186
688,20129588,7.32,3842
689,20128270,8,3693
690,20113311,8.4,498
691,20137815,7.41,2291
692,20070672,6.99,8268
693,20113643,8.12,2587
694,20149930,7.99,2211
695,20163018,9.01,4554
696,20071067,7.45,2763
697,20127401,5.85,2422
698,20090019,5.97,1152
699,20178126,6.88,2496
700,20161286,8.21,2645
701,20081565,8,1551
702,20167261,6.6,1172
703,20150501,8.79,2024
704,20070549,7.96,2135
705,20111928,6.25,3096
706,20080399,6.92,1859
707,20180564,6.65,2482
708,20137426,6.86,5543
709,20090510,5.86,2305
710,20174585,7.16,2654
711,20177104,8.89,1151
712,20081391,6.68,3949
713,20134407,6.8,3171
714,20112082,8.44,2052
715,20154908,4.93,4695
716,20110031,7.66,1475
717,20136060,5.76,5376
718,20127306,8.65,1797
719,20071042,7.25,10005
720,20119429,7.74,2397
721,20090018,9.17,3340
722,20148841,6.8,1731
723,20137562,7.82,3205
724,20168381,8.84,3718
725,20101013,7.81,2735
726,20162404,7.44,4209
727,20100816,6.68,3794
728,20111113,7.51,3566
729,20090862,6.76,2673
730,20162968,8.33,2659
731,20158047,7.82,3694
732,20113271,8.89,788
733,20154905,8.42,3806
734,20090210,7.81,1373
735,20100991,6.48,1224
736,20174965,8.85,1733
737,20162002,8.99,2971
738,20126087,6.84,8700
739,20181788,7.87,4274
740,20173436,8.39,5138
741,20144322,8.74,1804
742,20080254,6.93,1819
743,20163580,6.63,3524
744,20090891,6.72,3131
745,20136866,8.51,2361
746,20124055,5.66,1334
747,20139981,6.65,2173
748,20136058,6.61,5688
749,20101009,8.12,2240
750,20101008,8.04,1947
751,20122787,9.26,5888
752,20090455,8.4,5178
753,20175522,8.52,1388
754,20169643,7.78,4399
755,20182352,8.99,9999
756,20145506,7.98,6009
757,20156559,8.77,2876
758,20147931,5.47,2628
759,20126090,4.04,4919
760,20100168,9.27,2519
761,20136800,6.68,1397
762,20157466,8.47,3989
763,20167716,7.05,2423
764,20143512,6.68,2115
765,20126388,8.71,742
766,20110656,6.8,1997
767,20111914,7.36,1356
768,20090926,7.2,2467
769,20151964,8.46,2038
770,20080750,7.54,1527
771,20159647,4.27,12027
772,20100977,7.11,1166
773,20113951,8.85,3175
774,20136863,6.67,2621
775,20111249,8.08,569
776,20171024,8.08,4115
777,20136063,6.27,3211
778,20119418,7.31,1759
779,20090426,7.52,2987
780,20090089,5.85,3029
781,20124946,6.45,1566
782,20101070,8.08,1794
783,20110899,9.34,25574
784,20090065,8.94,2622
785,20138223,7.58,3819
786,20124024,8.22,6172
787,20167363,9.34,3344
788,20170124,8.82,2022
789,20100198,6.27,1724
790,20159199,8.45,2863
791,20090857,7.45,6971
792,20161762,7.59,3733
793,20156807,8.8,2584
794,20158984,7.62,2196
795,20128143,7.7,1703
796,20110882,8.04,1503
797,20090319,2.79,3476
798,20100962,9.34,4579
799,20090044,6.55,258
800,20090389,6.28,4325
801,20101014,5.94,3015
802,20081132,7.9,2523
803,20110029,6.65,1157
804,20151230,8.18,2771
805,20070566,8.99,3089
806,20130021,5.36,4665
807,20163845,8.73,1700
808,20110881,7.11,3532
809,20119630,6.5,905
810,20143511,6.43,2794
811,20110313,7.21,1604
812,20161665,8.59,1416
813,20125916,6.98,2020
814,20142641,6.7,3579
815,20090082,3.21,3969
816,20147283,7.77,4975
817,20112762,7.5,1828
818,20136043,8.1,3806
819,20070661,7.38,1542
820,20176121,4.44,2022
821,20130566,7.76,3374
822,20123161,8.64,34556
823,20173961,7.79,2442
824,20149394,6.34,2863
825,20179942,9.19,5228
826,20171817,8.78,951
827,20122523,8.46,295
828,20163137,8.8,3520
829,20100285,7.76,819
830,20148745,7.77,2332
831,20177541,7.7,1857
832,20090821,8.02,986
833,20148132,7.7,1820
834,20157531,4.27,2722
835,20100768,6.71,1846
836,20119511,6.99,1499
837,20176082,8.34,1248
838,20149567,8.73,1818
839,20090669,7.49,1688
840,20081332,7.97,1562
841,20081002,8.11,2564
842,20058720,8.7,656
843,20136862,7.29,1881
844,20148553,7.69,2257
845,20148626,7.43,2636
846,20080013,7.77,1634
847,20133601,8.42,881
848,20165201,8.06,2501
849,20124666,7.57,4235
850,20167902,7.97,3124
851,20136057,7.94,3766
852,20101225,7.29,3064
853,20119771,9.29,5995
854,20164424,6.96,2665
855,20120467,7.28,3366
856,20100017,6.47,2102
857,20100101,7.13,1378
858,20119430,7.21,1563
859,20165153,8.57,1301
860,20101226,8.81,473
861,20090025,5.71,1122
862,20147613,6.05,3384
863,20101015,6.57,1520
864,20119768,7,1635
865,20090287,6.8,1066
866,20140145,8.37,794
867,20100165,9.3,4775
868,20112709,7.8,118
869,20090681,8.2,1452
870,20080062,7.07,2908
871,20162065,7.57,3828
872,20141224,6.13,4220
873,20164421,7.11,3865
874,20177501,9.19,3052
875,20156708,7.27,2085
876,20110612,7.93,1314
877,20126686,8.55,3038
878,20161723,8.21,5326
879,20148748,8.51,5534
880,20122625,7.16,1378
881,20128247,8.14,422
882,20080829,5.89,2418
883,20168754,6.61,3035
884,20155826,5.98,3858
885,20110250,8.86,1182
886,20125338,6.77,1516
887,20143754,8.66,2974
888,20090860,8.53,587
889,20143422,4.91,2183
890,20136062,7.75,3105
891,20125406,6.91,2539
892,20100210,9.26,3465
893,20090578,8.28,3740
894,20178672,9.1,920
895,20127494,9.11,6578
896,20128691,7.07,2335
897,20174801,9.18,2867
898,20178321,8.69,1118
899,20127546,7.21,6862
900,20151421,7.59,1599
901,20161843,7.2,1588
902,20124349,6.68,1951
903,20164521,8.38,1286
904,20100766,7.06,1914
905,20147968,7.94,1533
906,20090449,8.61,1309
907,20110581,8.15,1197
908,20136337,7.4,1599
909,20149401,8.38,1538
910,20150966,8.05,2189
911,20154907,6.15,2848
912,20090562,2.89,1980
913,20158485,8.45,18133
914,20168282,7.97,3313
915,20090513,8.38,1141
916,20157501,6.54,1790
917,20134592,8.95,618
918,20163884,8.73,1156
919,20151815,8.38,1013
920,20178641,8.87,632
921,20100979,7.4,1449
922,20140144,5.57,4899
923,20119627,9.3,3846
924,20139964,8.26,2258
925,20090459,7.27,1840
926,20071003,8.35,1133
927,20080962,8.65,653
928,20148795,7.72,1580
929,20150942,8.54,3619
930,20122843,7.82,1582
931,20119720,6.84,1925
932,20071014,5.79,249
933,20080965,7.45,1913
934,20149978,7.94,698
935,20090090,7.07,1158
936,20090555,5.84,1115
937,20149037,6,1911
938,20159641,7.87,2470
939,20090345,3.81,1525
940,20101006,8.07,1182
941,20133924,7.3,355
942,20130574,9.02,3495
943,20144523,8.57,1315
944,20070637,8.1,2525
945,20153702,8.75,1309
946,20127887,7.18,231
947,20147096,6.2,1386
948,20181561,9.49,2135
949,20155881,7.95,746
950,20129626,7.99,1371
951,20150565,8.91,2386
952,20157158,8.28,1755
953,20113889,8.55,445
954,20127108,8.11,1184
955,20153087,7.51,1999
956,20112708,8.06,282
957,20135370,8.35,2020
958,20100292,8.04,1599
959,20142421,7.65,2138
960,20124021,7.61,3116
961,20080010,5.81,1794
962,20090557,7.49,1796
963,20081094,5.8,1578
964,20159059,8.3,878
965,20157041,7.84,1131
966,20090572,5.74,1058
967,20150564,7.43,2833
968,20080743,5.42,1055
969,20178230,8.12,1391
970,20080659,6.7,1057
971,20080349,9.07,2657
972,20113636,7.41,1177
973,20100211,8.42,722
974,20144461,6.92,1617
975,20162183,8.75,1169
976,20100794,6.19,1701
977,20148686,7.41,2396
978,20162704,7.85,1165
979,20143543,7.86,1443
980,20090288,7.02,3169
981,20166101,7.98,1998
982,20113472,8.89,1726
983,20080363,7.09,828
984,20123421,5.28,373
985,20070585,8.99,15123
986,20080014,8.36,1002
987,20170321,8.39,3195
988,20080397,4.13,1820
989,20125427,8.34,564
990,20090304,2.52,2373
991,20090929,4.74,811
992,20111774,6.86,1382
993,20122785,6.27,3531
994,20080963,7.22,194
995,20133981,7.58,1465
996,20119277,8.34,2108
997,20119508,7.41,668
998,20122803,8.68,425
999,20129166,7.63,1787
1000,20156161,7.99,2502
1001,20135369,7.84,207
1002,20159748,7.24,1470
1003,20080142,7.51,1083
1004,20100379,8.14,302
1005,20149970,8.33,493
1006,20152871,8.39,1589
1007,20126306,8.44,2760
1008,20179187,9.14,5365
1009,20176947,9.41,2153
1010,20081623,4.11,1418
1011,20143510,5.77,2111
1012,20155761,8.26,391
1013,20112050,6.52,852
1014,20101378,8.22,1478
1015,20149948,8.31,1680
1016,20111757,5.69,943
1017,20123384,6.88,1745
1018,20140458,7.47,1008
1019,20090434,7.91,2244
1020,20140704,6.5,3782
1021,20071060,5.92,539
1022,20080874,5.03,1587
1023,20141602,7.86,1876
1024,20081390,7.17,489
1025,20090087,6.05,447
1026,20090950,6.18,822
1027,20081096,5.54,694
1028,20119529,7.53,1348
1029,20140524,7.56,1507
1030,20078561,8.45,539
1031,20090063,5.96,634
1032,20132821,9.04,2314
1033,20148728,7.82,1800
1034,20080141,7.25,516
1035,20124874,8.21,1094
1036,20161681,5.04,2402
1037,20155101,8.43,1649
1038,20090894,8.65,550
1039,20148877,8.03,785
1040,20119772,7.92,1577
1041,20136445,8.46,1523
1042,20135427,7.84,493
1043,20150385,8.37,1995
1044,20136308,7.49,165
1045,20142962,8.12,821
1046,20167154,8.62,798
1047,20124070,6.42,1488
1048,20090026,7.5,1599
1049,20081790,8.17,1003
1050,20167901,7.68,1886
1051,20100800,5.87,124
1052,20100769,7.13,5224
1053,20151021,8.78,2813
1054,20100077,7.26,2555
1055,20172244,5.26,2424
1056,20112175,6.86,1807
1057,20147612,7.35,1313
1058,20090403,8.07,291
1059,20126566,7,3603
1060,20143602,7.87,880
1061,20081334,3.59,1232
1062,20170964,8.09,665
1063,20148648,8.83,884
1064,20139265,7.26,2383
1065,20128747,6.63,2186
1066,20157175,8.55,1732
1067,20134122,8.78,3288
1068,20178395,8.19,1054
1069,20119556,8.42,267
1070,20100143,7.13,2670
1071,20119628,7.93,649
1072,20090284,9.12,2241
1073,20100191,8.93,1761
1074,20147609,6.32,2261
1075,20119972,8.43,448
1076,20090193,8.3,2127
1077,20158704,6.16,1561
1078,20158069,8.3,592
1079,20090083,4.43,678
1080,20168161,8.83,1873
1081,20180542,7.99,1430
1082,20113391,6.11,1558
1083,20136741,8.32,503
1084,20119427,8.14,1618
1085,20162382,8.94,1346
1086,20136138,8.7,814
1087,20081199,8.64,754
1088,20080514,8.18,1099
1089,20110655,5.8,1415
1090,20090226,7.34,268
1091,20162727,8.79,819
1092,20090580,3.78,2447
1093,20172142,8.32,617
1094,20080015,5.86,981
1095,20180302,7.44,1216
1096,20161964,9.03,1612
1097,20090027,8.65,1210
1098,20071047,6.53,671
1099,20169122,6.39,1895
1100,20141281,8.48,687
1101,20149062,7.37,1502
1102,20090865,6.7,2663
1103,20080364,6.34,1043
1104,20090091,6.28,853
1105,20090952,8.91,692
1106,20126089,6.31,4175
1107,20090462,6.2,849
1108,20080065,8.44,2124
1109,20119852,6.11,1553
1110,20090174,6.71,571
1111,20090017,7.29,514
1112,20134588,6.96,2603
1113,20129092,7.95,374
1114,20113811,8.65,487
1115,20144801,8.21,2774
1116,20145502,7.89,2124
1117,20134562,8.14,1205
1118,20173693,7.01,1191
1119,20112561,8.21,2076
1120,20150024,8.68,1038
1121,20119667,8.2,939
1122,20167644,8.6,769
1123,20101012,7.73,3239
1124,20124746,7.74,963
1125,20090897,8.93,1590
1126,20080348,6.31,1007
1127,20080331,6.64,4034
1128,20081247,4.98,493
1129,20112303,6.04,1534
1130,20090921,7.77,1759
1131,20150752,7.91,1089
1132,20102418,6.67,1401
1133,20081158,7.64,1038
1134,20112552,7.94,1228
1135,20162545,8.68,4176
1136,20070642,8.44,1363
1137,20149287,6.72,1081
1138,20100098,6.85,1684
1139,20122786,6.11,2551
1140,20179731,7.39,2307
1141,20111536,7.11,96
1142,20149910,8.72,2520
1143,20149984,8.24,777
1144,20161141,7.42,1561
1145,20159643,7.9,2344
1146,20081618,7.3,909
1147,20130783,8.09,1662
1148,20080236,8.31,692
1149,20144621,7.7,1515
1150,20150562,7.76,1015
1151,20113911,9,383
1152,20081485,5.81,123
1153,20155277,7.1,1086
1154,20126583,8.4,1613
1155,20178522,7.5,3459
1156,20068659,8.81,551
1157,20111034,7.7,244
1158,20081212,5.87,1148
1159,20100278,7.09,1013
1160,20137963,5.45,2910
1161,20123644,6.93,264
1162,20134603,8.19,1442
1163,20119358,8.19,2709
1164,20155202,7.04,1445
1165,20080258,8.23,683
1166,20167922,9.2,3107
1167,20090890,7.87,1451
1168,20100176,8.39,3001
1169,20165927,8.08,2124
1170,20080836,7.71,1160
1171,20048799,8.94,783
1172,20090864,7.84,2791
1173,20175441,8.76,1324
1174,20080024,8,1809
1175,20176767,8.74,3803
1176,20120428,7.39,2121
1177,20161881,8.35,1362
1178,20120562,6.52,1871
1179,20147953,9.01,2649
1180,20080021,5.55,331
1181,20090945,7.08,440
1182,20136312,7.82,893
1183,20158529,8.12,1394
1184,20081059,8.31,272
1185,20176562,7.68,1201
1186,20156749,7.35,958
1187,20100329,7.28,1284
1188,20150902,5.78,1235
1189,20162300,7.94,844
1190,20147683,8.65,972
1191,20101170,8.04,1778
1192,20123201,7.39,1993
1193,20119989,5.67,816
1194,20100107,4.83,909
1195,20179085,8.87,501
1196,20140181,8.59,399
1197,20127266,8.43,192
1198,20090943,5.98,2121
1199,20111893,7.25,589
1200,20100281,8.72,3775
1201,20124449,7.82,794
1202,20090613,8.19,2350
1203,20100075,5.46,1814
1204,20113652,5.79,1052
1205,20070639,7.74,2812
1206,20152866,6.92,1726
1207,20153201,6.48,885
1208,20165561,7.7,669
1209,20090581,4.87,966
1210,20167362,7.26,2656
1211,20081738,8.05,183
1212,20123821,7.9,206
1213,20100027,8.54,411
1214,20081393,8.57,1407
1215,20111892,6.39,1046
1216,20119854,6.98,2756
1217,20090922,6.36,493
1218,20136887,7.51,1337
1219,20179491,7.88,1327
1220,20170364,8.44,430
1221,20156441,7.56,785
1222,20100169,8.48,3531
1223,20147250,8,1281
1224,20113821,6.85,455
1225,20080145,7.66,801
1226,20155423,8.27,2933
1227,20149818,7.94,797
1228,20140609,8.71,2207
1229,20131630,6.04,507
1230,20166541,6.5,1648
1231,20081681,6.56,858
1232,20090214,7.57,714
1233,20081718,7.82,883
1234,20158461,9.08,1120
1235,20173547,5.34,2394
1236,20167905,6.04,2042
1237,20147947,6.43,2375
1238,20090570,9.16,909
1239,20162873,8.55,641
1240,20162161,6.31,1410
1241,20090167,5.21,592
1242,20081446,7.55,1303
1243,20148460,3.69,4030
1244,20100142,7.25,1570
1245,20090892,9.11,2240
1246,20100012,8.87,1667
1247,20161630,8.02,1129
1248,20113912,7.91,620
1249,20090146,4,1570
1250,20122231,8.09,643
1251,20112763,9.38,3298
1252,20120108,6.19,6403
1253,20166721,7.54,374
1254,20151002,8.87,1147
1255,20136869,5.34,1150
1256,20090022,6.33,1524
1257,20134585,6.8,1791
1258,20070641,7.8,1702
1259,20081445,9.02,1654
1260,20174165,9.27,164
1261,20148830,8.88,2464
1262,20150725,8.57,204
1263,20133682,6.6,777
1264,20129790,8.18,1751
1265,20090683,8.39,4164
1266,20131541,8.5,864
1267,20166901,8.45,790
1268,20124609,8.26,1623
1269,20081172,8.46,1977
1270,20100192,5.84,518
1271,20177266,6.63,817
1272,20070550,7.64,11209
1273,20111702,8.78,375
1274,20090932,7.19,1211
1275,20070586,5.1,1526
1276,20090893,7.27,183
1277,20189861,8.74,937
1278,20113306,8.33,1236
1279,20139601,4.62,1448
1280,20171022,8.25,56
1281,2009A362,8.86,1770
1282,20090064,9.21,3902
1283,20144102,7.93,648
1284,20134581,7.76,708
1285,20161745,5.59,2444
1286,20110071,7.74,628
1287,20150566,8.71,147
1288,20165941,8.25,447
1289,20179407,6.89,1526
1290,20070643,7.72,1794
1291,20155020,8.93,2295
1292,20119802,7.55,1503
1293,20090445,8.72,5397
1294,20142856,4.83,2747
1295,20090343,7.3,184
1296,20133152,7.18,2003
1297,20100300,7.14,1185
1298,20090667,7.21,1297
1299,20100758,6.32,189
1300,20132824,7.33,1019
1301,20110322,8,1123
1302,20156970,8.16,1419
1303,20112693,6.95,618
1304,20100980,7.02,482
1305,20101109,6.51,425
1306,20090061,6.35,834
1307,20090604,9.27,2054
1308,20081276,8.18,592
1309,20100291,7.39,441
1310,20163041,9.31,3129
1311,20148927,3.78,1402
1312,20080478,7.94,355
1313,20100090,7.76,1159
1314,20071015,8.5,585
1315,20178881,6.52,371
1316,20081162,6.04,1303
1317,20100807,7.05,535
1318,20090078,6.01,885
1319,20134268,8.6,677
1320,20100116,5.17,701
1321,20158799,9.13,834
1322,20168401,7.78,1261
1323,20165281,7.82,378
1324,20171923,9.26,2801
1325,20142843,8.25,1128
1326,20110501,7.31,1772
1327,20161923,7.63,1685
1328,20080472,9.25,1510
1329,20080252,5.25,249
1330,20167906,8.24,358
1331,20132120,9.04,1309
1332,20100788,6.59,177
1333,20110261,8.39,238
1334,20090227,7.66,168
1335,20090035,9.22,6912
1336,20173301,9.22,535
1337,20100808,6.48,916
1338,20090682,6.62,656
1339,20133704,8.85,1861
1340,20123484,8.57,2590
1341,20153039,8.52,2589
1342,20080654,8.61,1973
1343,20125646,4.17,1319
1344,20139383,8.91,227
1345,20157197,6.7,795
1346,20090454,6.45,536
1347,20090469,8.99,944
1348,20126745,8.2,2540
1349,20158481,6.61,2201
1350,20159510,8.41,1548
1351,20161589,8.71,1065
1352,20119855,8.06,592
1353,20176983,9.23,898
1354,20090556,7.75,716
1355,20167285,8.86,662
1356,20178762,7.91,1049
1357,20113918,8.74,850
1358,20101069,7.37,1636
1359,20090511,5.82,645
1360,20162504,8.59,300
1361,20170509,8.95,2262
1362,20113890,5.78,1014
1363,20113975,6.38,767
1364,20110660,7.35,795
1365,20080350,7.09,685
1366,20100166,8.02,165
1367,20151181,6.61,2113
1368,20090916,6.62,1273
1369,20143253,7.83,2535
1370,20101011,6.98,869
1371,20159657,8.41,542
1372,20090913,6.63,307
1373,20112117,6.99,266
1374,20149758,8.25,382
1375,20153470,8.38,373
1376,20070562,8.95,1167
1377,20155874,8.84,935
1378,20162542,6.92,483
1379,20134124,6.77,1382
1380,20151521,7.76,1283
1381,20145042,8.48,832
1382,20173724,7.31,882
1383,20090207,9.24,5268
1384,20110798,7.02,365
1385,20122192,7.76,170
1386,20080660,3.57,475
1387,20100812,7.56,245
1388,20100128,8.33,891
1389,20090875,4.91,554
1390,20101206,8.49,776
1391,20160143,8.24,534
1392,20080328,8.32,193
1393,20112221,3.57,255
1394,20176141,7.46,82
1395,20080835,8.07,1859
1396,20152745,8.14,1232
1397,20080078,7.98,1053
1398,20180341,8.57,1490
1399,20139826,8.2,455
1400,20149099,8,1678
1401,20157904,6.81,616
1402,20129262,8.16,1844
1403,20134586,7.51,1080
1404,20100105,8.28,791
1405,20155690,7.33,188
1406,20080055,8.12,498
1407,20119419,8.58,1014
1408,20100141,8.42,125
1409,20149288,6.37,2411
1410,20090850,8.6,515
1411,20132082,4.69,2217
1412,20148232,7.88,847
1413,20090088,7,591
1414,20081173,7.51,273
1415,20101140,7.19,2303
1416,20080146,7.29,659
1417,20124058,4.98,1170
1418,20133585,8.17,1503
1419,20090320,4.94,2078
1420,20167041,9.19,1427
1421,20100206,7.15,864
1422,20140247,7.17,812
1423,20162627,7.32,852
1424,20165001,8.02,1470
1425,20081361,6.67,367
1426,20124099,8.33,1113
1427,20156562,5.87,1826
1428,20142301,8.39,302
1429,20139072,8.04,1381
1430,20138421,7.63,1817
1431,20090822,9.27,9035
1432,20189663,3.76,1492
1433,20145501,6.95,1407
1434,20156102,8.75,2137
1435,20157883,8.41,525
1436,20168154,8.06,854
1437,20181366,7.57,269
1438,20090029,6.05,728
1439,20071066,9.27,37802
1440,20102419,7.4,1015
1441,20167324,9.14,952
1442,20132261,7.4,83
1443,20090062,6.44,99
1444,20158428,8.16,468
1445,20100115,6.97,1455
1446,20166132,8.75,1396
1447,20157065,7.83,1280
1448,20158885,7.1,1363
1449,20090501,7.72,1075
1450,20068590,4.79,3872
1451,20090188,9.08,222
1452,20170022,7.43,1330
1453,20173061,8.36,596
1454,20090840,7.94,119
1455,20100039,9.04,1461
1456,20101007,4.76,789
1457,20168501,7.98,482
1458,20178449,8.9,1359
1459,20090801,8.62,3588
1460,20128271,8.2,1864
1461,20110609,4.32,850
1462,20151022,7.74,1205
1463,20158242,5.81,2614
1464,20061223,5.62,266
1465,20090529,6.63,623
1466,20090192,8.68,2644
1467,20162381,9.16,251
1468,20166468,8.25,813
1469,20113883,7.79,939
1470,20173945,8.95,1943
1471,20161763,9.24,1822
1472,20165130,8.13,718
1473,20179228,9.37,233
1474,20110571,6.06,1359
1475,20134983,9.02,1320
1476,20071065,7.38,2220
1477,20163189,8.61,1700
1478,20163164,8.75,1499
1479,20142561,4.91,582
1480,20112132,5.14,380
1481,20120430,9.14,1177
1482,20163202,7.97,1027
1483,20081403,7.12,563
1484,20080365,5.98,429
1485,20145102,7.04,455
1486,20123041,7.78,1679
1487,20112707,7.54,449
1488,20173806,7.1,3114
1489,20080837,5.82,1727
1490,20111250,9.11,18012
1491,20112934,6.84,1080
1492,20153022,7.85,328
1493,20147694,8.21,356
1494,20162569,9.18,1627
1495,20126413,7.37,1148
1496,20138141,8.34,2521
1497,20125907,6.25,629
1498,20178424,8.47,812
1499,20136894,5.9,2268
1500,20080887,6.92,931
1501,20127086,7.5,703
1502,20081136,8.51,2595
1503,20170607,8.56,862
1504,20153083,8.53,895
1505,20152869,6.84,814
1506,20124134,8.21,1948
1507,20149568,7.37,892
1508,20165961,8.73,535
1509,20158062,8.41,302
1510,20080706,5.96,312
1511,20144507,8.24,872
1512,20113982,5.94,274
1513,20158882,8.34,995
1514,20176070,8.56,1062
1515,20100339,7.46,1013
1516,20110292,3.68,383
1517,20125806,9.03,208
1518,20080008,7.14,512
1519,20090485,7.15,1156
1520,20090599,6.17,435
1521,20101118,6.64,273
1522,20145021,8.44,1136
1523,20147971,8.53,528
1524,20176961,8.05,537
1525,20136662,7.88,1835
1526,20145041,8.3,996
1527,20090460,5.87,740
1528,20134069,6.69,852
1529,20168750,8.98,857
1530,20162461,6.6,613
1531,20119585,8.76,251
1532,20176741,8.72,172
1533,20147928,5.73,1936
1534,20147693,8.27,447
1535,20155321,7.85,1229
1536,20151782,6.46,2718
1537,20100764,6.31,799
1538,20122101,8.43,494
1539,20112821,7.87,630
1540,20161527,8.49,993
1541,20161968,7.44,559
1542,20110030,8.54,121
1543,20090190,6.85,233
1544,20179226,8.41,123
1545,20147948,8.67,675
1546,20149511,4.01,730
1547,20173642,8,796
1548,20126253,7.36,56
1549,20090411,7.18,622
1550,20177761,7.68,206
1551,20145085,8.4,467
1552,20156063,8.95,961
1553,20145242,5.52,539
1554,20145521,7.59,1628
1555,20141060,6.76,1350
1556,20080878,7.15,2684
1557,20142023,7.39,338
1558,20149591,7.71,961
1559,20100925,8.42,465
1560,20080992,4.29,474
1561,20100057,7.39,430
1562,20144481,8.15,2081
1563,20150522,8.75,817
1564,20143509,2.86,1939
1565,20162629,8.91,912
1566,20090428,7.23,200
1567,20172541,8.51,1150
1568,20159141,7.23,610
1569,20090333,6.71,473
1570,20120021,6.53,526
1571,20149140,6.88,593
1572,20110289,8.09,973
1573,20090453,8.38,631
1574,20041524,8.08,75
1575,20081263,4.96,382
1576,20080017,8.19,1190
1577,20139263,6.22,1722
1578,20100815,6.95,769
1579,20127407,4.88,1715
1580,20119717,6.47,524
1581,20119856,5.96,2579
1582,20156977,5.72,485
1583,20147684,8.28,1148
1584,20174821,8.32,289
1585,20112443,5.15,4875
1586,20120362,8.81,1327
1587,20081363,6.04,321
1588,20081519,7.64,355
1589,20081364,7.22,198
1590,20080105,7,939
1591,20179662,7.16,1064
1592,20161605,6.15,467
1593,20149415,7.93,194
1594,20134144,8.23,56
1595,20112822,8.87,834
1596,20136926,8.09,897
1597,20147430,6.97,511
1598,20176201,7.11,604
1599,20141028,7.71,136
1600,20090013,5.46,527
1601,20130821,7.03,894
1602,20080661,7.6,610
1603,20112141,5.43,521
1604,20165285,9.05,634
1605,20081170,5.81,168
1606,20119806,6.49,174
1607,20102413,6.09,237
1608,20168361,8.56,525
1609,20149931,6.96,793
1610,20162147,8.59,711
1611,20160203,8.3,915
1612,20100189,8.24,668
1613,20150903,6.23,582
1614,20147678,7.79,575
1615,20113881,7.7,351
1616,20080054,7.96,1168
1617,20167563,8.29,1106
1618,20150461,7.49,813
1619,20147625,8.8,1213
1620,20137041,7.58,792
1621,20120381,7.07,104
1622,20081331,5.92,119
1623,20090330,5.05,1407
1624,20120103,5.66,2370
1625,20139141,7.18,148
1626,20080834,6.14,349
1627,20178469,8.02,477
1628,20081700,6.53,1415
1629,20090203,7.73,814
1630,20090917,6.93,592
1631,20168721,7.73,265
1632,20113001,7.29,1493
1633,20150901,7.47,1367
1634,20101278,8.64,820
1635,20148129,7.88,1041
1636,20123422,7.8,1519
1637,20129260,8.22,897
1638,20163903,8.03,223
1639,20090811,9.1,2141
1640,20160862,8.82,261
1641,20100789,7.37,951
1642,20110311,6.53,1026
1643,20110502,6.94,688
1644,20156301,7.65,751
1645,20171781,8.82,831
1646,20175244,8.66,230
1647,20161382,8.52,131
1648,20100335,5.61,380
1649,20113307,6.97,576
1650,20176022,8.65,57
1651,20101039,7.49,795
1652,20119507,5.67,1028
1653,20176049,8.32,1053
1654,20163961,8.55,1485
1655,20128079,8.34,59
1656,20101138,7.47,2637
1657,20080079,6.5,202
1658,20157096,9.24,1452
1659,20080071,8.15,3123
1660,20100063,7.22,60
1661,20161796,8.95,437
1662,20101071,6.08,690
1663,20175208,9.29,793
1664,20129407,7.86,670
1665,20153385,7.86,1139
1666,20133641,6.78,1180
1667,20172627,8.5,321
1668,20175142,9.18,440
1669,20112209,7.12,348
1670,20158561,7.5,750
1671,20158670,7.36,483
1672,20100809,7.58,302
1673,20119721,7.71,578
1674,20100763,7.06,1112
1675,20101227,8.15,177
1676,20136921,6.95,1896
1677,20119527,4.85,604
1678,20156383,7.63,134
1679,20154621,4.19,415
1680,20161561,7.7,504
1681,20113312,6.28,492
1682,20168366,8.27,409
1683,20112121,7.74,575
1684,20124551,7.71,999
1685,20135443,7.33,49
1686,20100170,6.69,234
1687,20119600,7.81,321
1688,20160472,6.08,1286
1689,20148994,7.62,538
1690,20112163,7.45,131
1691,20111692,6.94,562
1692,20149831,7.07,963
1693,20100311,8.77,1704
1694,20090068,8.68,1381
1695,20072673,6.99,337
1696,20136860,7.62,290
1697,20176367,7.91,43
1698,20111101,9.26,1117
1699,20081386,8.15,285
1700,20182021,9.42,223
1701,20161870,8.82,542
1702,20156275,8.18,304
1703,20163201,8.34,458
1704,20161603,8.96,168
1705,20150862,7.92,1412
1706,20134701,8.12,1720
1707,20050086,7.9,576
1708,20175423,5.82,547
1709,20090086,7.42,860
1710,20101132,7.16,654
1711,20081213,7.97,416
1712,20141621,8.69,1095
1713,20100202,8.1,802
1714,20116037,6.98,270
1715,20179442,5.64,1833
1716,20133603,7.44,296
1717,20162431,8.59,199
1718,20173962,8.87,1497
1719,20090028,8.27,1205
1720,20156704,5.89,676
1721,20177479,8.12,256
1722,20153025,8.78,557
1723,20124738,6.92,53
1724,20145103,8.35,1048
1725,20162925,7.43,859
1726,20175223,8.83,142
1727,20140241,8.45,712
1728,20110172,7.2,856
1729,20110235,7.51,187
1730,20169764,7.37,131
1731,20167867,7.63,1497
1732,20150456,8.09,463
1733,20165042,9.13,640
1734,20090724,4.2,768
1735,20177701,7.25,751
1736,20101038,7.91,730
1737,20162621,5.57,312
1738,20126410,6.74,1080
1739,20129079,5.05,454
1740,20152370,4.12,1188
1741,20120421,7.14,1638
1742,20141088,8.94,930
1743,20167645,8.7,1036
1744,20135942,6.62,72
1745,20156360,7.57,143
1746,20126470,8.11,293
1747,20126003,8.59,173
1748,20100104,8.38,1059
1749,20175481,7.33,377
1750,20113981,8.06,559
1751,20131245,8.48,555
1752,20156241,8.72,1188
1753,20080077,7.27,722
1754,20124873,7.26,325
1755,20080088,5.26,1301
1756,20090331,6.72,916
1757,20165045,5.88,844
1758,20080228,8.22,193
1759,20140196,7.96,1293
1760,20135581,8.46,231
1761,20155639,7.01,1219
1762,20100029,8.12,604
1763,20111116,7.94,1338
1764,20136783,7.22,27
1765,20111351,6.91,341
1766,20101392,8.61,1041
1767,20155601,7.13,165
1768,20170268,6.91,493
1769,20112971,7.72,812
1770,20135367,7.89,317
1771,20100362,4.93,368
1772,20134042,7.42,76
1773,20139083,8.21,2242
1774,20081729,6.32,451
1775,20090205,4.43,141
1776,20112622,7,634
1777,20149961,7.13,430
1778,20124011,8.47,248
1779,20080516,6.08,176
1780,20124061,8.07,1228
1781,20126617,7.88,1813
1782,20170302,8.48,1001
1783,20162206,8.08,771
1784,20162001,5.11,501
1785,20141614,8.16,657
1786,20189525,9.21,349
1787,20141706,6.41,7865
1788,20142798,9.11,502
1789,20127446,7.58,1855
1790,20141961,7.25,638
1791,20175821,7.22,187
1792,20128272,7.17,768
1793,20161594,8.38,981
1794,20136292,8.82,1682
1795,20160221,7.93,846
1796,20163824,9.19,240
1797,20154162,8.82,781
1798,20134070,9.06,513
1799,20110490,8.81,529
1800,20112208,6.96,924
1801,20120661,7.35,979
1802,20080029,8.41,1655
1803,20153450,9.22,1512
1804,20090191,6.87,322
1805,20167364,9.26,1100
1806,20155223,4.36,829
1807,20165822,7.91,581
1808,20080871,6.02,321
1809,20178490,9.22,778
1810,20168182,7.76,307
1811,20162321,8.44,1188
1812,20061214,6.49,867
1813,20127597,8.91,1858
1814,20168241,7.08,299
1815,20090269,4.95,278
1816,20132262,7.94,1041
1817,20154729,7.55,980
1818,20149441,6.78,1083
1819,20161781,8.59,877
1820,20156570,7.14,932
1821,20110182,5.81,409
1822,20177473,9.02,500
1823,20163043,7.95,152
1824,20161366,8.35,928
1825,20142884,7.65,458
1826,20172064,6.01,967
1827,20173833,8.58,474
1828,20163182,7.16,940
1829,20090946,7.26,86
1830,20161162,5.94,513
1831,20148834,8.63,1255
1832,20130569,8.32,236
1833,20157121,6.27,553
1834,20119155,4.98,147
1835,20143343,8.05,913
1836,20101004,7.34,731
1837,20112973,7.9,553
1838,20081168,7.97,270
1839,20119688,7.83,1126
1840,20132799,8.55,2480
1841,20149257,4.65,849
1842,20173601,8.69,463
1843,20124046,8.71,1316
1844,20090219,7.01,281
1845,20080268,7.22,812
1846,20111418,7.25,486
1847,20090103,7.42,66
1848,20143565,8.02,147
1849,20141085,8.36,453
1850,20120942,8.17,71
1851,20100376,6.58,153
1852,20182561,9.6,1498
1853,20176781,8.4,189
1854,20110254,7.82,531
1855,20172161,9.12,703
1856,20125126,8.11,474
1857,20121622,6.58,122
1858,20113486,8.38,1432
1859,20124932,7.07,382
1860,20131001,3.54,350
1861,20131681,8.12,1337
1862,20134102,5.13,137
1863,20090189,5.7,131
1864,20129766,8.21,417
1865,20156281,8.42,1930
1866,20101003,5.24,380
1867,20090332,7.36,655
1868,20150970,8.55,1467
1869,20163841,8.18,164
1870,20147282,6.8,319
1871,20142321,5.72,317
1872,20156321,8.61,1217
1873,20081792,7.65,710
1874,20174778,9.15,314
1875,20119245,8.51,2624
1876,20070640,6.57,2227
1877,20172241,7.63,73
1878,20124939,8.15,47
1879,20134869,7.37,1008
1880,20170272,6.78,135
1881,20175611,6.93,811
1882,20147970,7.91,633
1883,20124726,8.28,456
1884,20153282,9.07,843
1885,20149125,7.39,667
1886,20090092,6.62,178
1887,20161583,6.57,244
1888,20149271,7.29,460
1889,20137082,8.46,964
1890,20090079,3.6,872
1891,20081420,7.74,564
1892,20113473,8.67,651
1893,20168668,6,329
1894,20163962,6.78,1514
1895,20080828,8.62,1429
1896,20189901,7.68,320
1897,20081621,7.35,133
1898,20113201,7.55,291
1899,20110023,7.37,427
1900,20174961,7.48,329
1901,20090171,6.36,795
1902,20159223,5.75,552
1903,20110171,8.85,290
1904,20158091,8.27,113
1905,20145281,7.52,901
1906,20179186,6.46,305
1907,20144183,6.76,259
1908,20090866,7.88,314
1909,20155562,8.1,839
1910,20081092,9.07,485
1911,20090194,8.45,22
1912,20112940,7.73,52
1913,20090261,7.85,757
1914,20133760,8.46,386
1915,20101379,8.9,568
1916,20129146,8.71,1740
1917,20127211,6.94,206
1918,20147527,8.93,1378
1919,20127630,6.62,812
1920,20090006,6.06,79
1921,20163322,9.2,681
1922,20081392,7.16,328
1923,20112808,9.17,333
1924,20143045,8.57,887
1925,20119971,5.68,422
1926,20148840,7.64,848
1927,20161905,7.41,232
1928,20159221,7.16,91
1929,20158982,5.66,534
1930,20157782,7.11,746
1931,20080329,9.18,2191
1932,20173690,9.22,556
1933,20145182,8.55,625
1934,20112553,7.46,282
1935,20141598,6.75,984
1936,20147372,8.9,312
1937,20169463,9.34,901
1938,20165543,9.03,407
1939,20178228,9.14,878
1940,20156904,8.85,1373
1941,20139723,7.61,461
1942,20137422,7.94,86
1943,20100787,8.13,481
1944,20132601,9.41,39
1945,20136805,8.14,506
1946,20124047,5.32,529
1947,20189882,7.89,75
1948,20090461,7.08,458
1949,20138201,8.44,142
1950,20168462,8.74,480
1951,20119137,6.44,85
1952,20175982,5.47,819
1953,20080513,9.24,2657
1954,20121628,7.99,512
1955,20159573,5.15,544
1956,20090444,7.82,99
1957,20147803,7.83,884
1958,20152870,8.23,316
1959,20168324,9.28,3484
1960,20182360,7.68,57
1961,20119718,6.32,92
1962,20165981,7.8,146
1963,20151111,7.92,80
1964,20176761,8.12,785
1965,20080289,8.95,971
1966,20123483,8.12,612
1967,20154521,8.36,257
1968,20171312,8.27,555
1969,20172702,7.79,684
1970,20090902,8.01,376
1971,20090517,6.2,257
1972,20175662,7.81,405
1973,20168611,7.65,63
1974,20128588,9.03,6763
1975,20090314,7.09,22
1976,20123741,6.39,99
1977,20175288,7.08,120
1978,20148277,6.15,148
1979,20121741,6.75,464
1980,20139461,4.53,1737
1981,20122222,9.02,1788
1982,20182221,8.92,220
1983,20101047,8.76,179
1984,20110988,8.16,244
1985,20164928,8.16,1018
1986,20162568,8.21,360
1987,20172125,8.39,437
1988,20147679,8.49,355
1989,20178444,9.45,239
1990,20161921,7.12,460
1991,20110027,7.88,289
1992,20174561,8.86,1943
1993,20174803,7.65,729
1994,20090854,8.68,832
1995,20081552,8.96,1379
1996,20138884,6.51,211
1997,20173092,9.16,620
1998,20124917,7.15,1269
1999,20149796,8.79,511
2000,20136586,7.76,561
2001,20138982,7.89,550
2002,20123662,8.06,525
2003,20125106,7.85,1516
2004,20150255,8.66,148
2005,20136575,7.6,83
2006,20161165,8.45,237
2007,20157021,8.15,223
2008,20161842,8.91,799
2009,20113553,7.37,656
2010,20090800,7.84,1690
2011,20140459,8.21,647
2012,20126408,8.43,268
2013,20143314,6.73,86
2014,20162609,5.11,159
2015,20163314,8.34,695
2016,20162022,5.94,584
2017,20081810,5.22,1135
2018,20157394,6.63,937
2019,20142964,8.17,625
2020,20147880,8.08,395
2021,20170389,7.55,92
2022,20160261,6.88,65
2023,20163981,8.92,378
2024,20148347,6.89,83
2025,20138712,5.48,2476
2026,20166127,7.34,719
2027,20148997,8.42,460
2028,20080656,5.04,457
2029,20147284,8.29,199
2030,20119990,9.07,71
2031,20164829,8.53,373
2032,20119589,8.02,610
2033,20147691,8.97,460
2034,20090265,5.15,551
2035,20132807,8.46,189
2036,20090259,6.41,610
2037,20136810,8.99,5450
2038,20141704,9.14,272
2039,20081462,8.96,530
2040,20163186,7.44,657
2041,20160703,8.42,390
2042,20141441,8.55,222
2043,20124350,6.92,275
2044,20080848,7.56,39
2045,20081454,8.75,947
2046,20160781,8.12,309
2047,20164388,7.8,70
2048,20125346,6.67,249
2049,20181621,7.07,208
2050,20168689,9.36,6809
2051,20142021,7.12,285
2052,20111891,6.48,626
2053,20133881,8.37,365
2054,20189382,9.44,202
2055,20165843,8.84,354
2056,20140762,7.64,197
2057,20134244,8.96,989
2058,20090592,8.77,264
2059,20149878,8.6,101
2060,20162787,7.62,272
2061,20080225,8.17,379
2062,20162245,8.57,207
2063,20038755,9.23,233
2064,20100158,8.6,101
2065,20121281,8.32,459
2066,20149264,8.78,321
2067,20167127,8.15,390
2068,20147649,8.63,261
2069,20173903,4.23,620
2070,20155740,7.83,525
2071,20135521,9.26,1117
2072,20090823,4.15,489
2073,20173931,7.58,175
2074,20141781,7.46,83
2075,20070473,7.61,257
2076,20167005,5.05,632
2077,20112701,7.61,649
2078,20155010,5.17,105
2079,20164926,8.56,1094
2080,20147301,8.93,434
2081,20134645,8.41,470
2082,20171801,8.49,337
2083,20162928,7.53,288
2084,20157587,6.75,1069
2085,20040818,8.77,210
2086,20163411,9.03,665
2087,20167203,8.89,131
2088,20070291,4.78,933
2089,20172641,9.46,116
2090,20090480,4.6,194
2091,20156166,6.35,414
2092,20174222,7.01,219
2093,20178942,7.44,410
2094,20170761,7.39,317
2095,20182494,8.66,303
2096,20125649,8.37,704
2097,20090874,8.36,692
2098,20070638,6.55,110
2099,20135365,8.44,59
2100,20168664,9.34,2612
2101,20182701,7.15,362
2102,20155646,8.49,450
2103,20169028,7.44,135
2104,20149459,7.63,301
2105,20159001,5.69,814
2106,20155441,6.84,350
2107,20174721,7.93,288
2108,20170741,8.09,203
2109,20160041,6.72,429
2110,20177602,6.99,755
2111,20120943,8.54,431
2112,20081698,4.58,310
2113,20151821,8.04,194
2114,20081452,8.55,1115
2115,20166707,7.06,240
2116,20172148,7.9,79
2117,20151623,8.79,664
2118,20171661,7.02,128
2119,20125486,7.98,492
2120,20100826,7.36,309
2121,20080994,3.62,289
2122,20124023,6.53,183
2123,20163184,5.98,84
2124,20100740,8.03,72
2125,20090947,6.48,464
2126,20138350,1.27,2637
2127,20157001,6.7,281
2128,20180869,8.47,450
2129,20174103,7.1,81
2130,20080227,8.08,250
2131,20142481,7.84,364
2132,20178121,6.77,78
2133,20128746,8.99,751
2134,20081620,6.81,2446
2135,20081333,6.97,339
2136,20090663,5.02,222
2137,20143081,9.04,158
2138,20170221,8.59,369
2139,20178582,6.45,49
2140,20171369,6.84,31
2141,20080034,8.64,366
2142,20165061,6.26,513
2143,20149248,7.09,109
2144,20100073,7.76,708
2145,20127706,7.45,343
2146,20158703,8.5,322
2147,20182327,9.22,201
2148,20147848,7.93,46
2149,20179286,8.7,174
2150,20134044,6.67,304
2151,20134436,8.19,167
2152,20162607,6.87,91
2153,20124552,8.37,71
2154,20162063,6.12,563
2155,20081209,8.32,937
2156,20119244,7.59,195
2157,20173612,8.26,851
2158,20090395,8.27,129
2159,20165141,7.97,482
2160,20164485,9.17,549
2161,20163098,7.8,219
2162,20155762,7.26,312
2163,20101165,9.04,1152
2164,20151482,7.98,636
2165,20111532,6.36,150
2166,20135368,8.22,23
2167,20179570,5.3,53
2168,20160483,8.63,739
2169,20165041,6.68,301
2170,20124808,8.92,365
2171,20151201,7.28,85
2172,20144121,8.16,673
2173,20177962,7.87,283
2174,20090402,8.15,668
2175,20143574,8.99,679
2176,20138272,7.86,285
2177,20080728,7.41,226
2178,20163185,7.87,273
2179,20135946,9.04,1635
2180,20113481,8.59,412
2181,20149343,7.78,413
2182,20090295,7.89,113
2183,20070686,7.97,450
2184,20100167,7.47,409
2185,20142110,8.12,547
2186,20159655,8.99,670
2187,20159286,7.46,1030
2188,20147161,6.66,89
2189,20126506,6.11,241
2190,20122581,7.47,141
2191,20170006,8,758
2192,20121244,6.23,209
2193,20179302,5.33,187
2194,20177202,7.85,130
2195,20121550,7.2,902
2196,20169986,8.25,286
2197,20168742,7.74,470
2198,20131281,8.11,178
2199,20150020,7.86,717
2200,20157584,8.1,51
2201,20135837,9.02,90
2202,20180082,7.43,316
2203,20100765,6.19,42
2204,20173662,8.2,96
2205,20121241,4.54,574
2206,20141001,8.79,684
2207,20113556,7.36,159
2208,20134222,8.12,1365
2209,20164481,6.84,412
2210,20158888,8.07,224
2211,20136059,6.19,509
2212,20174962,7.47,271
2213,20124530,9.3,874
2214,20128306,8.62,226
2215,20122466,5.3,541
2216,20154734,9.12,484
2217,20090069,8.3,355
2218,20178646,6.64,637
2219,20167562,6.52,272
2220,20143942,7.88,249
2221,20175581,8.42,83
2222,20182922,7.86,549
2223,20080845,7.68,1791
2224,20147695,7.41,143
2225,20131263,8.79,1296
2226,20155022,6.09,386
2227,20070582,8.52,4154
2228,20134068,8.43,108
2229,20189761,6.48,31
2230,20149462,6.67,43
2231,20176603,7.61,234
2232,20081453,8.17,1115
2233,20161799,8.56,682
2234,20125467,7.82,971
2235,20162299,7.6,282
2236,20161722,8.43,736
2237,20090322,5.67,119
2238,20159442,8.16,593
2239,20177342,8.15,239
2240,20142182,9.34,373
2241,20175604,8.84,579
2242,20136736,8.06,105
2243,20070454,8.99,6482
2244,20152372,8.42,180
2245,20130252,8.71,683
2246,20148602,7.35,245
2247,20080266,8.66,851
2248,20130421,8.44,604
2249,20175962,8.7,352
2250,20149838,8.36,97
2251,20090236,8.56,2397
2252,20148208,5.85,170
2253,20080080,7.72,278
2254,20121455,8.95,40
2255,20156047,6.49,1300
2256,20100111,7.02,127
2257,20112611,8.69,859
2258,20090318,9.04,277
2259,20123603,7.87,484
2260,20090233,7.34,71
2261,20159445,7.44,234
2262,20177601,8.62,247
2263,20100964,7.4,548
2264,20080026,7.84,411
2265,20122229,8.44,192
2266,20162926,9.03,717
2267,20138501,7.83,112
2268,20090833,7.45,753
2269,20137585,4.33,8417
2270,20138222,8.43,176
2271,20151202,8.27,337
2272,20101344,9.19,3570
2273,20129446,8.32,31
2274,20174023,8.33,45
2275,20174967,7.48,265
2276,20058701,7.47,295
2277,20148381,9.2,237
2278,20128549,7.73,468
2279,20134061,8.19,479
2280,20080030,8.2,384
2281,20120127,6.87,437
2282,20100028,6.44,121
2283,20155602,7.82,318
2284,20090838,8.74,394
2285,20128707,5.44,334
2286,20068730,8.25,507
2287,20134073,8.59,716
2288,20174323,8.37,622
2289,20144324,7.31,51
2290,20164526,8.09,135
2291,20149388,7.48,235
2292,20136202,5.61,261
2293,20164094,7.36,698
2294,20152746,5.73,335
2295,20124186,7.99,297
2296,20159063,6.14,222
2297,20080877,7.58,1058
2298,20166543,8.57,230
2299,20179106,7.47,45
2300,20166172,7.82,300
2301,20183195,8.15,206
2302,20178345,7.86,78
2303,20100752,9.05,177
2304,20101073,8.7,493
2305,20140456,7.24,442
2306,20134413,7.37,707
2307,20090906,8.87,179
2308,20123221,5.16,338
2309,20142857,7.93,218
2310,20080223,8.1,461
2311,20110003,5,450
2312,20110278,7.09,32
2313,20148627,9.34,155
2314,20161461,8.67,112
2315,20090328,8.93,681
2316,20111031,8.02,1517
2317,20170656,6.04,114
2318,20112692,7.99,1187
2319,20134047,8.54,415
2320,20181481,4.43,51
2321,20060424,7.31,537
2322,20090400,9.43,222
2323,20070203,6.86,259
2324,20112933,8.19,342
2325,20144441,7.81,839
2326,20090488,8.07,218
2327,20176102,6.47,472
2328,20178666,9.02,146
2329,20163049,9.01,325
2330,20149494,6,50
2331,20151302,7.94,184
2332,20141114,8.93,935
2333,20174902,7.26,61
2334,20090375,7.77,35
2335,20175903,7.32,418
2336,20147557,5.98,44
2337,20129089,7.67,112
2338,20156101,8.41,323
2339,20090670,6.64,1735
2340,20152121,6.23,254
2341,20158905,7.98,298
2342,20174841,6.55,177
2343,20110897,6.22,499
2344,20142844,5.82,50
2345,20145402,8.08,59
2346,20136865,7.58,723
2347,20174501,7.26,62
2348,20169730,6.98,621
2349,20131241,6.67,134
2350,20169034,9.09,887
2351,20123602,8.2,737
2352,20070157,8,417
2353,20137081,8.36,684
2354,20125967,7.65,668
2355,20171002,8.37,210
2356,20180127,6.5,311
2357,20130929,8.09,798
2358,20163081,8.26,281
2359,20124114,8.25,102
2360,20100030,8.86,696
2361,20136935,8.53,723
2362,20142741,7.31,906
2363,20139121,8.33,227
2364,20154342,9.26,423
2365,20133681,4.06,174
2366,20119770,8.47,239
2367,20125446,6.79,373
2368,20148847,7.21,321
2369,20144323,8.73,178
2370,20111416,8.88,516
2371,20122223,7.55,379
2372,20090340,8.65,605
2373,20080536,6.42,220
2374,20157702,8.88,363
2375,20110986,6.52,360
2376,20141681,8.13,39
2377,20119927,7.75,122
2378,20181001,7.12,34
2379,20122221,7.57,143
2380,20100261,8.47,643
2381,20143502,7.6,693
2382,20110162,8.19,47
2383,20148976,7.17,117
2384,20088397,8.35,713
2385,20147872,7.37,137
2386,20136782,9.08,1529
2387,20081627,8.47,565
2388,20125307,8.71,457
2389,20130482,7.54,677
2390,20124872,9.04,295
2391,20120110,7.47,674
2392,20178808,4.53,980
2393,20172642,8.86,855
2394,20138221,7.27,322
2395,20163856,8.55,163
2396,20090008,8.37,161
2397,20163014,8.52,377
2398,20090944,5.85,144
2399,20149409,7.78,613
2400,20182321,9.13,230
2401,20148829,8.23,526
2402,20159161,7.75,390
2403,20110089,7.4,95
2404,20101040,7.03,172
2405,20174073,8.93,46
2406,20164747,7.36,59
2407,20158951,8.69,36
2408,20173444,4.91,128
2409,20168684,7.99,281
2410,20100332,6.5,48
2411,20080875,8.17,241
2412,20130250,5.12,216
2413,20150061,8.45,192
2414,20080256,7.92,139
2415,20170690,7.61,267
2416,20173181,6.81,77
2417,20170381,7.54,61
2418,20162572,6.58,322
2419,20179130,9.14,134
2420,20153522,7.92,131
2421,20149307,6.19,32
2422,20161201,8.5,200
2423,20142341,7.74,306
2424,20149520,7.67,404
2425,20101281,8.47,367
2426,20101101,7.9,164
2427,20125306,5.84,350
2428,20081451,7.21,322
2429,20145462,8.22,249
2430,20128530,8.11,271
2431,20119424,7.68,40
2432,20149155,8.32,37
2433,20173804,8.59,840
2434,20158484,8.83,144
2435,20140207,7.56,36
2436,20165401,8.4,541
2437,20136289,8.02,259
2438,20112741,7.18,442
2439,20112314,8.4,289
2440,20143325,8.42,31
2441,20147584,8.47,199
2442,20081129,8.62,275
2443,20100316,9.01,2409
2444,20170347,8.82,67
2445,20100330,7.2,183
2446,20160942,9.3,497
2447,20126026,8.27,612
2448,20157421,9.02,185
2449,20132381,5.54,24
2450,20159521,8.11,240
2451,20136298,8.66,650
2452,20113501,8.56,226
2453,20122861,8.08,369
2454,20167628,8.69,336
2455,20143706,6.96,159
2456,20168083,7.93,181
2457,20120541,6.48,2564
2458,20161788,8.34,220
2459,20140190,7.16,96
2460,20090588,7.52,142
2461,20181579,7.09,32
2462,20153521,7.89,202
2463,20090739,8.27,85
2464,20156080,3.2,468
2465,20147904,5.94,17
2466,20122865,6.51,209
2467,20166362,7.15,184
2468,20132481,7.72,130
2469,20173121,5.17,524
2470,20132805,8.66,107
2471,20156824,9.34,2934
2472,20141027,8.23,44
2473,20159582,7.58,230
2474,20129786,6.62,1097
2475,20152264,6.61,218
2476,20134027,7.09,237
2477,20162541,8.03,372
2478,20152541,3.05,924
2479,20155725,8.94,256
2480,20090810,8.53,2296
2481,20050039,6.75,194
2482,20134621,8.86,156
2483,20133071,9.41,75
2484,20150470,8.24,250
2485,20170382,7,50
2486,20158981,8.44,368
2487,20131206,7.73,831
2488,20162042,7.45,281
2489,20147379,7.95,451
2490,20149270,7.38,154
2491,20080253,7.27,133
2492,20176071,9.03,193
2493,20090787,8.19,100
2494,20080052,7.74,304
2495,20154902,6.94,262
2496,20159901,8.19,248
2497,20090289,5.26,313
2498,20147407,7.45,326
2499,20141702,8.86,280
2500,20100728,7.61,114
2501,20150963,8.79,137
2502,20090430,8,79
2503,20144642,7.47,183
2504,20161598,9.01,326
2505,20121641,6.55,387
2506,20164927,8.19,248
2507,20173407,8.5,109
2508,20101275,7.67,48
2509,20110903,8.05,82
2510,20157223,7.91,169
2511,20135278,7.92,554
2512,20090344,7.67,126
2513,20140186,7.75,314
2514,20101211,9,68
2515,20138783,9.14,78
2516,20124098,7.13,187
2517,19918269,9.39,6748
2518,20080143,8.48,793
2519,20150563,8.22,244
2520,20090053,8.58,696
2521,20150661,8.89,293
2522,20100076,8.45,300
2523,20141408,7.72,162
2524,20100286,5.61,287
2525,20175811,8.16,61
2526,20128832,8.07,391
2527,20100795,8.04,526
2528,20134484,8.5,158
2529,20130573,8.68,792
2530,20090148,9.25,2171
2531,20147805,8.66,312
2532,20132722,8.15,472
2533,20126010,8.68,1271
2534,20171164,7.78,164
2535,20144927,7.24,153
2536,20120801,8.99,363
2537,20161468,7.15,286
2538,20113654,7.92,601
2539,20112932,8.86,219
2540,20173881,9.12,234
2541,20072687,7.25,241
2542,20155057,7.29,163
2543,20137061,8.48,260
2544,20153801,7.3,74
2545,20090196,8.62,251
2546,20174663,7.95,107
2547,20168041,7.03,381
2548,20148168,4.66,106
2549,20113822,7.16,69
2550,20149397,7.49,108
2551,20123004,8.11,311
2552,20147509,8.48,174
2553,20137722,8.16,1151
2554,20127406,6.7,44
2555,20156083,9.09,347
2556,20138482,8.58,100
2557,20123521,8.86,131
2558,20147616,5.05,145
2559,20119486,5.91,326
2560,20139463,4.38,442
2561,20129046,6.1,180
2562,20134362,9.05,86
2563,20100271,8.29,70
2564,20100196,8.82,303
2565,20135907,5.91,173
2566,20178941,8.08,341
2567,20138882,6.07,194
2568,20162481,7.87,46
2569,20110601,8.24,351
2570,20120941,8.84,158
2571,20164387,7.16,202
2572,20101279,7.99,84
2573,20090937,8.55,241
2574,20111926,6.92,52
2575,20170003,7.22,96
2576,20080395,8.26,280
2577,20166401,8.1,172
2578,20100130,7.08,797
2579,20100365,7.91,224
2580,20110607,9.26,2116
2581,20070466,9.06,12124
2582,20081460,6.72,151
2583,20100102,6.92,158
2584,20081667,9.26,198
2585,20090489,8.44,118
2586,20125567,8.35,139
2587,20149298,4.71,374
2588,20180901,7.66,411
2589,20162207,6.23,74
2590,20147130,5.63,471
2591,20081567,3.36,464
2592,20101028,6.72,385
2593,20133142,7.36,141
2594,20133159,8.58,33
2595,20110900,8.36,179
2596,20172307,6,476
2597,20119836,9.09,454
2598,20170017,8.82,185
2599,20134601,8.88,540
2600,20168592,9.16,310
2601,20162927,9.75,227
2602,20122232,8.38,130
2603,20120107,8.58,418
2604,20113487,8.02,247
2605,20178461,8.92,66
2606,20112541,8.93,303
2607,20134062,8.9,343
2608,20119129,6.55,522
2609,20127726,8.29,238
2610,20147558,6.95,37
2611,20141609,8.31,447
2612,20143922,8.02,398
2613,20159965,8.98,166
2614,20136355,7.87,611
2615,20148681,7.79,102
2616,20164527,6.59,59
2617,20101274,8.22,137
2618,20155174,8.37,91
2619,20090296,8.43,96
2620,20136742,8.04,28
2621,20153182,7.08,274
2622,20124060,7.54,859
2623,20157986,3.22,326
2624,20174882,7.04,140
2625,20090601,7.61,102
2626,20080517,8.77,184
2627,20168822,5.93,281
2628,20175943,8.44,112
2629,20112911,7.92,14204
2630,20125766,8.87,129
2631,20141206,8.28,152
2632,20157441,4.07,292
2633,20139821,7.12,41
2634,20090582,9.08,99
2635,20124933,8.72,85
2636,20139081,6.89,506
2637,20126446,7.89,287
2638,20131841,7.2,1032
2639,20080667,8,144
2640,20121095,8.83,205
2641,20170421,8.99,159
2642,20173721,8.38,109
2643,20150841,4.41,63
2644,20149962,7.69,105
2645,20101283,8.13,220
2646,20166023,7.61,190
2647,20111533,9.07,107
2648,20147559,8.58,36
2649,20163441,7,228
2650,20161502,7.89,241
2651,20169443,8.38,177
2652,20148762,8.58,205
2653,20129227,6.32,223
2654,20100775,8.39,319
2655,20101242,8.19,293
2656,20100011,7.47,43
2657,20151962,7.98,133
2658,20178403, , 
2659,20144522,6.79,128
2660,20175143,8.1,191
2661,20175023,7.14,149
2662,20121923,8.44,619
2663,20080995,8.18,435
2664,20128977,7.6,48
2665,20168446,8.15,131
2666,20136281,6.69,172
2667,20154207,4.9,90
2668,20159101,8.4,462
2669,20090574,7.71,268
2670,20081818,8.3,110
2671,20162608,8.97,156
2672,20172001,5.71,52
2673,20172964,6,283
2674,20101232,8.4,536
2675,20147690,7.29,78
2676,20126621,8.66,47
2677,20175625,8.17,52
2678,20122005,8.02,127
2679,20177750,5.63,27
2680,20143941,8.58,169
2681,20153422,6.9,523
2682,20179301,8.68,47
2683,20181603,8.99,101
2684,20181762,3.41,162
2685,20113917,8.08,156
2686,20140281,8.53,177
2687,20174243,8.86,248
2688,20100277,4.75,88
2689,20113482,7.26,80
2690,20154323,7.87,52
2691,20170883,8.38,629
2692,20149952,7.61,38
2693,20113362,7.98,128
2694,20158518,8.49,468
2695,20147950,7.57,510
2696,20100201, , 
2697,20147909,2.75,76
2698,20177086,7.87,113
2699,20143983,5.75,24
2700,20081518,5.5,290
2701,20170921,8,141
2702,20081087,8.98,65
2703,20164888,8.65,171
2704,20090859,6.39,176
2705,20121094,6.93,521
2706,20142241,7.47,214
2707,20090639,8.08,66
2708,20171423,6.81,78
2709,20132167,6.85,109
2710,20182990,7.44,45
2711,20153982,9.02,321
2712,20176083,8.27,258
2713,20119501,9.1,49
2714,20148447,6.34,784
2715,20136928,8.49,121
2716,20149313,8.28,339
2717,20174182,7.5,104
2718,20161287,7.49,283
2719,20133667,6.51,41
2720,20119659,7.14,169
2721,20113491,8.38,106
2722,20150753,8.29,346
2723,20152962,7.28,88
2724,20110913,8.08,354
2725,20101116,7.65,249
