,index,prediction,realValue,accuracy
0,0,15758355,17615166,89.46
1,1,13959287,14410931,96.87
2,2,13127091,14262636,92.04
3,3,11863684,13338087,88.95
4,4,12980854,13414200,96.77
5,5,12290133,12983841,94.66
6,6,11422478,12811435,89.16
7,7,12390506,12706663,97.51
8,8,10309646,12323595,83.66
9,9,12253810,12189195,99.47
10,10,12056422,11566862,95.77
11,11,10989424,11324561,97.04
12,12,11906338,11374879,95.33
13,13,10318648,10494499,98.32
14,14,10234541,10296101,99.4
15,15,10594338,10309432,97.24
16,16,9578425,9707581,98.67
17,17,9158583,9135806,99.75
18,18,8712832,9001331,96.79
19,19,10034945,9350351,92.68
20,20,8843069,8677249,98.09
21,21,9124666,8659725,94.63
22,22,8546939,8666208,98.62
23,23,6862407,8035181,85.4
24,24,7006008,8223342,85.2
25,25,8895736,7817618,86.21
26,26,7654761,7785189,98.32
27,27,8295142,7759761,93.1
28,28,7664647,7508976,97.93
29,29,7384950,7393443,99.89
30,30,9045880,7500457,79.4
31,31,6613019,7470633,88.52
32,32,5329512,7363139,72.38
33,33,7542060,7258678,96.1
34,34,7143958,7231770,98.79
35,35,7099836,7166532,99.07
36,36,7709648,7150586,92.18
37,37,7233581,7120780,98.42
38,38,7311514,7074891,96.66
39,39,6809638,7072507,96.28
40,40,7008149,7050475,99.4
41,41,7456386,6975571,93.11
42,42,7083838,6959083,98.21
43,43,7732044,6879989,87.62
44,44,4454699,6880535,64.74
45,45,6614214,6686054,98.93
46,46,7641386,6655068,85.18
47,47,6233784,6592151,94.56
48,48,6356930,6399303,99.34
49,49,6170544,6178617,99.87
50,50,6422966,6247651,97.19
51,51,5936433,6065474,97.87
52,52,5841019,6126488,95.34
53,53,5691475,6129681,92.85
54,54,6224294,6044956,97.03
55,55,5671415,5835017,97.2
56,56,5820022,5920977,98.29
57,57,5779737,5653270,97.76
58,58,6232882,5604106,88.78
59,59,5697395,5599665,98.25
60,60,5657083,5584139,98.69
61,61,5528385,5546823,99.67
62,62,5633659,5416829,96.0
63,63,5513839,5508299,99.9
64,64,5203441,5397597,96.4
65,65,6828218,5446379,74.63
66,66,5701385,5443049,95.25
67,67,5602402,5399070,96.23
68,68,5653194,5317693,93.69
69,69,4990142,5311353,93.95
70,70,4892278,5295836,92.38
71,71,9816261,11206127,87.6
72,72,5131520,5237525,97.98
73,73,3923486,5181014,75.73
74,74,5105199,5138328,99.36
75,75,4998961,5046096,99.07
76,76,7257466,5064796,56.71
77,77,4728925,4969735,95.15
78,78,3868263,4945484,78.22
79,79,5420416,4909950,89.6
80,80,4810997,4881865,98.55
81,81,4802961,4857152,98.88
82,82,4855981,4853273,99.94
83,83,3717569,4801873,77.42
84,84,5170918,4786259,91.96
85,85,4617557,4775811,96.69
86,86,4729829,4720050,99.79
87,87,4187606,4706158,88.98
88,88,4490101,4699307,95.55
89,89,4467494,4682492,95.41
90,90,4679501,4654266,99.46
91,91,4697936,4667179,99.34
92,92,4918185,4662926,94.53
93,93,4287064,4598985,93.22
94,94,4883584,4584800,93.48
95,95,4383687,4499776,97.42
96,96,3981691,4578239,86.97
97,97,4925178,4515833,90.94
98,98,4070495,4425003,91.99
99,99,4940120,4452755,89.05
100,100,4436208,4421210,99.66
101,101,4273719,4300365,99.38
102,102,4711230,4313871,90.79
103,103,4377987,4313102,98.5
104,104,4217491,4288750,98.34
105,105,4320762,4168353,96.34
106,106,4076866,4111753,99.15
107,107,3730424,4131338,90.3
108,108,4016654,4112608,97.67
109,109,3177196,4090885,77.67
110,110,3986127,4039891,98.67
111,111,4506330,4175526,92.08
112,112,4069441,4058225,99.72
113,113,3838340,4018872,95.51
114,114,4220272,4018341,94.97
115,115,4528690,4002560,86.86
116,116,4032286,4015361,99.58
117,117,3803421,3984814,95.45
118,118,3869955,3963251,97.65
119,119,4221246,3897969,91.71
120,120,4292073,3872015,89.15
121,121,3724691,3849700,96.75
122,122,4092928,3871214,94.27
123,123,2587509,3849129,67.22
124,124,3437507,3749034,91.69
125,125,3924086,3728439,94.75
126,126,3484015,3689325,94.44
127,127,3789865,3653238,96.26
128,128,4313837,3711224,83.76
129,129,3556942,3611166,98.5
130,130,3713774,3587182,96.47
131,131,3190741,3579666,89.14
132,132,3468419,3496526,99.2
133,133,3537074,3566852,99.17
134,134,3437650,3513137,97.85
135,135,4432604,3460212,71.9
136,136,3148771,3450305,91.26
137,137,3158882,3429640,92.11
138,138,3088067,3436092,89.87
139,139,3559234,3418403,95.88
140,140,3299993,3350311,98.5
141,141,2918832,3330326,87.64
142,142,3204096,3379762,94.8
143,143,3289877,3396313,96.87
144,144,3324234,3324874,99.98
145,145,3497129,3317196,94.58
146,146,3369297,3280993,97.31
147,147,3223128,3273879,98.45
148,148,3204258,3248904,98.63
149,149,3228280,3240370,99.63
150,150,3124436,3227647,96.8
151,151,3031059,3130046,96.84
152,152,3122671,3125069,99.92
153,153,3029840,3117859,97.18
154,154,3171011,3100113,97.71
155,155,2857797,3018154,94.69
156,156,3258210,3024666,92.28
157,157,3200898,3049894,95.05
158,158,3231491,3044859,93.87
159,159,3203731,3039889,94.61
160,160,2789753,2985556,93.44
161,161,2904222,2979805,97.46
162,162,3553791,3004649,81.72
163,163,2892194,2957736,97.78
164,164,3180808,3009406,94.3
165,165,3208837,3000115,93.04
166,166,3125682,2982230,95.19
167,167,2951451,2971475,99.33
168,168,3801237,2963652,71.74
169,169,2017199,2934795,68.73
170,170,3131593,2945151,93.67
171,171,3084998,2938818,95.03
172,172,2888448,2931897,98.52
173,173,2821111,2869938,98.3
174,174,2947704,3019960,97.61
175,175,2839093,2858750,99.31
176,176,3005498,2860786,94.94
177,177,2873843,2841828,98.87
178,178,2976734,2847340,95.46
179,179,2809288,2836774,99.03
180,180,2740373,2818993,97.21
181,181,2848371,2812427,98.72
182,182,3169214,2853500,88.94
183,183,2741442,2801949,97.84
184,184,2752601,2792705,98.56
185,185,2698949,2773794,97.3
186,186,2731032,2723028,99.71
187,187,2934326,2744413,93.08
188,188,2244840,2735721,82.06
189,189,2448531,2684798,91.2
190,190,2864788,2722574,94.78
191,191,2699990,2729827,98.91
192,192,2778087,2718237,97.8
193,193,2955334,2718158,91.27
194,194,2606841,2694436,96.75
195,195,2660500,2665886,99.8
196,196,2439525,2642483,92.32
197,197,2720895,2675618,98.31
198,198,2666982,2711094,98.37
199,199,2779006,2658589,95.47
200,200,2709301,2654817,97.95
201,201,2616174,2625686,99.64
202,202,2523174,2625636,96.1
203,203,2504097,2636385,94.98
204,204,2508258,2614601,95.93
205,205,2570574,2611966,98.42
206,206,2593846,2571814,99.14
207,207,2525176,2601761,97.06
208,208,2767643,2601572,93.62
209,209,2510317,2595625,96.71
210,210,2217000,2594420,85.45
211,211,2539936,2554960,99.41
212,212,2649994,2588628,97.63
213,213,2548181,2564340,99.37
214,214,2476400,2539113,97.53
215,215,2318886,2534979,91.48
216,216,2706198,2537438,93.35
217,217,2518533,2520700,99.91
218,218,2723370,2515501,91.74
219,219,2536102,2475797,97.56
220,220,1704523,2452245,69.51
221,221,2534302,2436884,96.0
222,222,2505679,2434435,97.07
223,223,2524221,2444180,96.73
224,224,2555383,2421197,94.46
225,225,2366200,2393103,98.88
226,226,2491050,2394487,95.97
227,227,2053974,2359061,87.07
228,228,2176660,2376266,91.6
229,229,2218180,2368267,93.66
230,230,2320027,2367942,97.98
231,231,2293087,2359273,97.19
232,232,2299435,2342579,98.16
233,233,2596130,2541603,97.85
234,234,2332805,2318748,99.39
235,235,2259121,2310206,97.79
236,236,2203974,2308646,95.47
237,237,2378535,2299751,96.57
238,238,2345760,2282744,97.24
239,239,2186586,2243484,97.46
240,240,2196364,2262758,97.07
241,241,2229205,2224118,99.77
242,242,2179668,2292172,95.09
243,243,2108359,2256913,93.42
244,244,2378540,2254236,94.49
245,245,2359848,2241687,94.73
246,246,2357661,2239156,94.71
247,247,2056225,2206948,93.17
248,248,2184077,2242510,97.39
249,249,2194199,2184425,99.55
250,250,2126483,2205160,96.43
251,251,1792145,2202509,81.37
252,252,2251338,2192525,97.32
253,253,2297599,2192276,95.2
254,254,2200563,2147012,97.51
255,255,2203099,2182227,99.04
256,256,2374077,2260512,94.98
257,257,2112103,2165401,97.54
258,258,2246089,2130645,94.58
259,259,2236450,2135509,95.27
260,260,2247796,2142670,95.09
261,261,2320858,2138425,91.47
262,262,2235098,2141155,95.61
263,263,2282287,2108561,91.76
264,264,2112496,2069546,97.92
265,265,2168149,2095592,96.54
266,266,2038462,2084482,97.79
267,267,2087612,2084868,99.87
268,268,2032262,2067538,98.29
269,269,2014925,2080445,96.85
270,270,1925389,2078825,92.62
271,271,2465152,2169109,86.35
272,272,1896621,2058616,92.13
273,273,2268362,2057896,89.77
274,274,1921167,2051315,93.66
275,275,2520286,2051277,77.14
276,276,2002296,2026594,98.8
277,277,2110859,2007665,94.86
278,278,2039187,1970823,96.53
279,279,1924243,1972440,97.56
280,280,2079943,1980050,94.96
281,281,1945380,1974893,98.51
282,282,2127481,1933467,89.97
283,283,1836091,1906687,96.3
284,284,1829096,1934270,94.56
285,285,1957187,1928605,98.52
286,286,1932038,1925154,99.64
287,287,1874226,1901731,98.55
288,288,1920375,1892467,98.53
289,289,1608871,1898220,84.76
290,290,1936584,1891993,97.64
291,291,1825082,1887733,96.68
292,292,1789729,1846180,96.94
293,293,1721565,1843404,93.39
294,294,1839817,1865354,98.63
295,295,1863980,1867849,99.79
296,296,1951035,2006561,97.23
297,297,2141099,1872682,85.67
298,298,2136612,1855917,84.88
299,299,1930684,1855489,95.95
300,300,1921334,1854711,96.41
301,301,1866789,1817069,97.26
302,302,1902774,1831741,96.12
303,303,1710019,1820842,93.91
304,304,1808179,1778843,98.35
305,305,1690693,1784165,94.76
306,306,1829969,1790916,97.82
307,307,1716682,1799447,95.4
308,308,1804179,1786386,99.0
309,309,1703799,1747305,97.51
310,310,1742993,1766285,98.68
311,311,1941236,1764233,89.97
312,312,1782499,1762742,98.88
313,313,1628971,1762071,92.45
314,314,1728599,1744213,99.1
315,315,1851837,1744585,93.85
316,316,1544588,1755181,88.0
317,317,1950517,1730773,87.3
318,318,1683739,1726227,97.54
319,319,1663370,1721772,96.61
320,320,1626709,1721611,94.49
321,321,1676857,1717566,97.63
322,322,1841368,1716455,92.72
323,323,1709177,1716438,99.58
324,324,2031427,1711266,81.29
325,325,1883106,1715370,90.22
326,326,1730500,1706495,98.59
327,327,1645735,1694562,97.12
328,328,1722692,1670652,96.89
329,329,1735602,1689717,97.28
330,330,1761924,1665268,94.2
331,331,1854428,1676040,89.36
332,332,1509559,1675819,90.08
333,333,1660955,1661388,99.97
334,334,1768610,1648110,92.69
335,335,1667173,1646142,98.72
336,336,1257944,1649407,76.27
337,337,1732303,1635003,94.05
338,338,1506757,1635088,92.15
339,339,1601069,1623518,98.62
340,340,1592253,1622015,98.17
341,341,1667282,1600856,95.85
342,342,1640640,1619651,98.7
343,343,1713565,1612554,93.74
344,344,1290869,1624601,79.46
345,345,1624367,1607555,98.95
346,346,1602604,1570681,97.97
347,347,1675471,1593694,94.87
348,348,1599233,1593116,99.62
349,349,1582556,1634734,96.81
350,350,1111823,1576492,70.53
351,351,1564465,1572064,99.52
352,352,1227703,1546132,79.4
353,353,1616520,1544486,95.34
354,354,1885476,1589048,81.35
355,355,1590322,1552055,97.53
356,356,1557802,1532632,98.36
357,357,1375862,1517096,90.69
358,358,1486216,1518188,97.89
359,359,1590744,1515356,95.03
360,360,1521723,1515104,99.56
361,361,1669862,1511845,89.55
362,362,1495908,1507084,99.26
363,363,1474097,1504888,97.95
364,364,1514521,1500830,99.09
365,365,1852187,1479859,74.84
366,366,1518708,1459973,95.98
367,367,1482082,1468903,99.1
368,368,1591522,1472147,91.89
369,369,1528176,1492903,97.64
370,370,1505950,1475582,97.94
371,371,1444744,1462561,98.78
372,372,1403665,1457406,96.31
373,373,1474399,1445248,97.98
374,374,1610299,1441990,88.33
375,375,1401891,1439506,97.39
376,376,1464735,1438056,98.14
377,377,1441395,1430885,99.27
378,378,1395413,1422844,98.07
379,379,1444600,1383867,95.61
380,380,1358016,1395498,97.31
381,381,1537336,1402816,90.41
382,382,1250430,1400397,89.29
383,383,1144843,1397526,81.92
384,384,1362808,1371164,99.39
385,385,1552401,1387779,88.14
386,386,1372991,1387562,98.95
387,387,1432448,1382650,96.4
388,388,1491297,1385515,92.37
389,389,1399097,1373873,98.16
390,390,1423020,1373316,96.38
391,391,1319177,1362634,96.81
392,392,1442300,1362114,94.11
393,393,1377436,1361273,98.81
394,394,1170465,1346754,86.91
395,395,1355437,1346511,99.34
396,396,1313492,1332819,98.55
397,397,1309302,1340149,97.7
398,398,1263199,1338411,94.38
399,399,1497313,1329061,87.34
400,400,1319430,1330183,99.19
401,401,1346199,1321751,98.15
402,402,1345852,1308810,97.17
403,403,1265752,1327755,95.33
404,404,1369241,1315735,95.93
405,405,1361021,1344319,98.76
406,406,1595627,1310895,78.28
407,407,1299659,1307873,99.37
408,408,1227951,1311118,93.66
409,409,1309940,1307226,99.79
410,410,1301424,1306438,99.62
411,411,1130356,1280734,88.26
412,412,1089731,1278894,85.21
413,413,1285504,1262858,98.21
414,414,1324877,1277690,96.31
415,415,1239921,1230470,99.23
416,416,1337843,1246185,92.64
417,417,1166664,1238064,94.23
418,418,1184286,1214237,97.53
419,419,1107722,1231261,89.97
420,420,1378357,1208310,85.93
421,421,1296404,1243065,95.71
422,422,1217607,1221427,99.69
423,423,1170388,1211890,96.58
424,424,1159981,1219637,95.11
425,425,1337895,1214839,89.87
426,426,971807,1190008,81.66
427,427,1206440,1207732,99.89
428,428,1246706,1208081,96.8
429,429,1186014,1187684,99.86
430,430,1171762,1209363,96.89
431,431,1255778,1202384,95.56
432,432,1146813,1201944,95.41
433,433,1011791,1204600,83.99
434,434,1234327,1201457,97.26
435,435,1189386,1194239,99.59
436,436,1151913,1172586,98.24
437,437,1189482,1177438,98.98
438,438,1141453,1181332,96.62
439,439,1246495,1169839,93.45
440,440,1195655,1168782,97.7
441,441,1394677,1175737,81.38
442,442,1171449,1166025,99.53
443,443,1170231,1163274,99.4
444,444,1240757,1166151,93.6
445,445,1266170,1160021,90.85
446,446,1171520,1169562,99.83
447,447,1161523,1157472,99.65
448,448,1158600,1153201,99.53
449,449,1122120,1149628,97.61
450,450,1104793,1125154,98.19
451,451,1157832,1134364,97.93
452,452,1172413,1141222,97.27
453,453,1256453,1122225,88.04
454,454,1167805,1129609,96.62
455,455,1099922,1127329,97.57
456,456,1044928,1106899,94.4
457,457,1166102,1128288,96.65
458,458,1093652,1112238,98.33
459,459,1118863,1118258,99.95
460,460,1139462,1085447,95.02
461,461,1183798,1111284,93.47
462,462,1189950,1110523,92.85
463,463,1091641,1110274,98.32
464,464,1114203,1101678,98.86
465,465,1061388,1081752,98.12
466,466,1183967,1068004,89.14
467,467,1032455,1077238,95.84
468,468,1112104,1081096,97.13
469,469,997208,1075333,92.73
470,470,1045273,1067707,97.9
471,471,1093794,1069864,97.76
472,472,1025320,1047062,97.92
473,473,1073522,1063442,99.05
474,474,1060285,1059350,99.91
475,475,1012248,1044659,96.9
476,476,1096873,1032792,93.8
477,477,1112534,1043602,93.39
478,478,1076430,1046313,97.12
479,479,1074645,1048280,97.48
480,480,1009420,1027050,98.28
481,481,1068056,1051257,98.4
482,482,947361,1025302,92.4
483,483,1123383,1012310,89.03
484,484,1033036,1028384,99.55
485,485,1034954,1027782,99.3
486,486,988256,1027436,96.19
487,487,1008173,1019309,98.91
488,488,1000261,1015832,98.47
489,489,987837,1007729,98.03
490,490,1082546,1025243,94.41
491,491,967695,990223,97.73
492,492,1033448,1014595,98.14
493,493,1043314,1003406,96.02
494,494,1052198,999030,94.68
495,495,985255,991417,99.38
496,496,951652,990111,96.12
497,497,802484,972431,82.52
498,498,998274,989906,99.15
499,499,1065106,986923,92.08
500,500,970293,988451,98.16
501,501,964928,980387,98.42
502,502,959731,979509,97.98
503,503,971198,986287,98.47
504,504,981640,975462,99.37
505,505,971375,967654,99.62
506,506,914197,978785,93.4
507,507,1036092,974262,93.65
508,508,965083,970373,99.45
509,509,962754,971482,99.1
510,510,968250,978413,98.96
511,511,941955,959578,98.16
512,512,980841,949896,96.74
513,513,915818,956154,95.78
514,514,1034263,956103,91.83
515,515,923268,953871,96.79
516,516,956039,937224,97.99
517,517,1007482,953305,94.32
518,518,712517,935168,76.19
519,519,995731,981294,98.53
520,520,905869,936945,96.68
521,521,947402,956198,99.08
522,522,858706,943806,90.98
523,523,816264,945172,86.36
524,524,902959,921111,98.03
525,525,979846,931953,94.86
526,526,821044,926107,88.66
527,527,854921,963763,88.71
528,528,906534,921317,98.4
529,529,900800,919834,97.93
530,530,973246,918823,94.08
531,531,937119,905624,96.52
532,532,804880,898000,89.63
533,533,1038108,904143,85.18
534,534,880734,903195,97.51
535,535,730149,953682,76.56
536,536,938238,893027,94.94
537,537,885551,888836,99.63
538,538,898037,884988,98.53
539,539,879951,865658,98.35
540,540,883329,875631,99.12
541,541,826727,877408,94.22
542,542,846716,873396,96.95
543,543,1078882,860340,74.6
544,544,927779,857038,91.75
545,545,930950,870785,93.09
546,546,862724,870759,99.08
547,547,877532,921788,95.2
548,548,896471,867386,96.65
549,549,902599,864757,95.62
550,550,862081,858402,99.57
551,551,903937,846903,93.27
552,552,872482,855980,98.07
553,553,869697,854377,98.21
554,554,809749,841125,96.27
555,555,1011518,848148,80.74
556,556,898962,849635,94.19
557,557,834405,837500,99.63
558,558,847752,838126,98.85
559,559,839769,827647,98.54
560,560,864058,870887,99.22
561,561,842864,828025,98.21
562,562,888110,825517,92.42
563,563,829941,827040,99.65
564,564,793917,832894,95.32
565,565,846233,823624,97.25
566,566,820953,820995,99.99
567,567,808585,815991,99.09
568,568,858669,809827,93.97
569,569,830567,800006,96.18
570,570,737868,794475,92.87
571,571,801101,806709,99.3
572,572,800286,808908,98.93
573,573,780513,798718,97.72
574,574,794487,800062,99.3
575,575,785880,814570,96.48
576,576,794783,777985,97.84
577,577,757612,790959,95.78
578,578,785887,790370,99.43
579,579,802800,784031,97.61
580,580,764829,781516,97.86
581,581,687017,778493,88.25
582,582,937194,771699,78.55
583,583,734274,790181,92.92
584,584,771880,768658,99.58
585,585,779807,765259,98.1
586,586,771594,764072,99.02
587,587,744565,765961,97.21
588,588,755851,762370,99.14
589,589,783060,758195,96.72
590,590,677273,753569,89.88
591,591,873043,749146,83.46
592,592,760196,729834,95.84
593,593,823437,730934,87.34
594,594,744152,725031,97.36
595,595,758201,731584,96.36
596,596,757712,731212,96.38
597,597,720965,731706,98.53
598,598,803606,719587,88.32
599,599,747173,715887,95.63
600,600,776708,715800,91.49
601,601,751179,716491,95.16
602,602,597864,714136,83.72
603,603,704589,709734,99.28
604,604,748272,696382,92.55
605,605,672730,693874,96.95
606,606,733132,698306,95.01
607,607,677914,710117,95.47
608,608,662910,693836,95.54
609,609,703516,688639,97.84
610,610,770041,696436,89.43
611,611,738919,694539,93.61
612,612,707455,700272,98.97
613,613,690922,689071,99.73
614,614,749716,675255,88.97
615,615,667888,671845,99.41
616,616,733842,676155,91.47
617,617,722955,681945,93.99
618,618,788667,680606,84.12
619,619,906908,675966,65.84
620,620,783376,661366,81.55
621,621,674985,672340,99.61
622,622,690190,668977,96.83
623,623,636078,655078,97.1
624,624,678990,651978,95.86
625,625,655546,660172,99.3
626,626,633240,644276,98.29
627,627,662066,654407,98.83
628,628,622418,654386,95.11
629,629,584963,654212,89.41
630,630,649702,653287,99.45
631,631,591148,644717,91.69
632,632,640890,652178,98.27
633,633,667199,640704,95.86
634,634,732589,647305,86.82
635,635,651240,645922,99.18
636,636,669762,646826,96.45
637,637,670582,645151,96.06
638,638,691645,644652,92.71
639,639,647773,634100,97.84
640,640,630996,641323,98.39
641,641,705702,635579,88.97
642,642,602314,636631,94.61
643,643,666744,635235,95.04
644,644,651226,635740,97.56
645,645,614185,622486,98.67
646,646,650012,634150,97.5
647,647,618927,628576,98.47
648,648,605501,628359,96.36
649,649,679429,618420,90.13
650,650,629776,627424,99.63
651,651,526867,617085,85.38
652,652,624798,625190,99.94
653,653,451319,622286,72.53
654,654,636430,618730,97.14
655,655,601220,616943,97.45
656,656,609235,612126,99.53
657,657,626881,616481,98.31
658,658,612346,612328,100.0
659,659,2507677,2906958,86.26
660,660,632557,611685,96.59
661,661,601474,609063,98.75
662,662,583454,596403,97.83
663,663,578185,608222,95.06
664,664,604625,597118,98.74
665,665,619655,596864,96.18
666,666,637562,603283,94.32
667,667,594664,599963,99.12
668,668,568888,590531,96.34
669,669,572555,603495,94.87
670,670,715058,598365,80.5
671,671,638283,598204,93.3
672,672,552907,583354,94.78
673,673,605990,592435,97.71
674,674,610309,591841,96.88
675,675,597398,594876,99.58
676,676,608870,578834,94.81
677,677,591480,590045,99.76
678,678,603562,585976,97.0
679,679,587344,589899,99.57
680,680,461822,573001,80.6
681,681,573235,570775,99.57
682,682,574115,582126,98.62
683,683,574284,595199,96.49
684,684,560121,579367,96.68
685,685,588021,577758,98.22
686,686,578253,585698,98.73
687,687,590134,573661,97.13
688,688,562555,571074,98.51
689,689,564585,571922,98.72
690,690,662521,570150,83.8
691,691,577909,569500,98.52
692,692,555715,558389,99.52
693,693,604638,587291,97.05
694,694,570130,565049,99.1
695,695,535789,562327,95.28
696,696,559100,550284,98.4
697,697,566039,558443,98.64
698,698,566879,560588,98.88
699,699,564908,554535,98.13
700,700,689286,553760,75.53
701,701,484023,557063,86.89
702,702,533672,551897,96.7
703,703,548866,550961,99.62
704,704,1878787,1745669,92.37
705,705,556178,543313,97.63
706,706,556106,550195,98.93
707,707,548744,540410,98.46
708,708,546571,537920,98.39
709,709,547078,531023,96.98
710,710,572744,535669,93.08
711,711,528306,535448,98.67
712,712,535399,539110,99.31
713,713,547733,534273,97.48
714,714,527580,535657,98.49
715,715,538275,528014,98.06
716,716,554833,527077,94.73
717,717,528933,526557,99.55
718,718,494317,525169,94.13
719,719,530147,521299,98.3
720,720,558057,522794,93.25
721,721,500303,519127,96.37
722,722,525749,523871,99.64
723,723,521579,519584,99.62
724,724,513715,520448,98.71
725,725,505601,509295,99.27
726,726,553752,515553,92.59
727,727,511920,505875,98.81
728,728,537044,514309,95.58
729,729,521845,513405,98.36
730,730,544923,513202,93.82
731,731,512720,511931,99.85
732,732,551654,549904,99.68
733,733,532858,511369,95.8
734,734,554910,501736,89.4
735,735,494928,500266,98.93
736,736,502136,509555,98.54
737,737,511625,521596,98.09
738,738,530040,507913,95.64
739,739,533955,526078,98.5
740,740,480974,506408,94.98
741,741,527940,503970,95.24
742,742,508897,498720,97.96
743,743,516944,501486,96.92
744,744,465328,491162,94.74
745,745,508991,498976,97.99
746,746,512766,497880,97.01
747,747,499629,494126,98.89
748,748,489417,495535,98.77
749,749,495425,483387,97.51
750,750,513347,482053,93.51
751,751,503662,498670,99.0
752,752,473010,481064,98.33
753,753,524528,487916,92.5
754,754,542215,494097,90.26
755,755,615590,540605,86.13
756,756,522820,485695,92.36
757,757,484357,482784,99.67
758,758,495247,481696,97.19
759,759,490952,480361,97.8
760,760,466890,472009,98.92
761,761,475500,479280,99.21
762,762,477466,476665,99.83
763,763,481614,475309,98.67
764,764,477188,472693,99.05
765,765,672220,472692,57.79
766,766,489127,472157,96.41
767,767,434934,471547,92.24
768,768,464037,462714,99.71
769,769,466319,471319,98.94
770,770,452404,471310,95.99
771,771,637300,470105,64.43
772,772,520747,459955,86.78
773,773,467105,467697,99.87
774,774,483272,471248,97.45
775,775,466384,465599,99.83
776,776,452351,465495,97.18
777,777,448525,470308,95.37
778,778,468529,465039,99.25
779,779,463337,456742,98.56
780,780,400626,458243,87.43
781,781,484179,462176,95.24
782,782,567317,452320,74.58
783,783,416611,459686,90.63
784,784,450186,455053,98.93
785,785,478434,451669,94.07
786,786,474349,453116,95.31
787,787,373977,449518,83.2
788,788,448187,450043,99.59
789,789,371855,440372,84.44
790,790,454281,447220,98.42
791,791,466508,438622,93.64
792,792,453321,446780,98.54
793,793,422450,446054,94.71
794,794,467480,445009,94.95
795,795,446786,444456,99.48
796,796,445577,443855,99.61
797,797,418352,438808,95.34
798,798,339740,444327,76.46
799,799,416035,436167,95.38
800,800,434180,433866,99.93
801,801,454147,432072,94.89
802,802,390456,435940,89.57
803,803,464352,435201,93.3
804,804,443399,435090,98.09
805,805,429359,440718,97.42
806,806,406260,431310,94.19
807,807,496069,429933,84.62
808,808,452339,429141,94.59
809,809,436704,430001,98.44
810,810,453678,441208,97.17
811,811,430214,430936,99.83
812,812,410977,427764,96.08
813,813,495717,426706,83.83
814,814,424034,427197,99.26
815,815,422274,419189,99.26
816,816,437152,424090,96.92
817,817,418798,424002,98.77
818,818,376504,424778,88.64
819,819,444072,441337,99.38
820,820,480173,416346,84.67
821,821,421385,414663,98.38
822,822,741201,414285,21.09
823,823,415106,415714,99.85
824,824,419734,410644,97.79
825,825,340729,409345,83.24
826,826,407380,411787,98.93
827,827,408183,407448,99.82
828,828,513821,409847,74.63
829,829,394510,398347,99.04
830,830,424413,407253,95.79
831,831,406118,401541,98.86
832,832,393716,395087,99.65
833,833,408765,400333,97.89
834,834,396284,399667,99.15
835,835,397864,390458,98.1
836,836,404539,402876,99.59
837,837,399479,397633,99.54
838,838,393679,398761,98.73
839,839,395687,393019,99.32
840,840,414348,399570,96.3
841,841,398569,397387,99.7
842,842,392980,389871,99.2
843,843,405102,388235,95.66
844,844,425268,387409,90.23
845,845,377218,386072,97.71
846,846,572164,380515,49.63
847,847,438282,385552,86.32
848,848,396075,384789,97.07
849,849,408242,384398,93.8
850,850,395063,383336,96.94
851,851,402499,383582,95.07
852,852,444153,437319,98.44
853,853,335136,381334,87.89
854,854,385745,381483,98.88
855,855,351442,379241,92.67
856,856,362710,371607,97.61
857,857,402229,369394,91.11
858,858,365260,373397,97.82
859,859,369584,368195,99.62
860,860,350926,375096,93.56
861,861,351622,360195,97.62
862,862,351381,364415,96.42
863,863,356070,358453,99.34
864,864,374936,362572,96.59
865,865,347940,354850,98.05
866,866,337649,360781,93.59
867,867,313507,355516,88.18
868,868,374783,359771,95.83
869,869,337828,355757,94.96
870,870,353246,355158,99.46
871,871,352525,357736,98.54
872,872,353843,356415,99.28
873,873,364962,355913,97.46
874,874,364625,355767,97.51
875,875,315223,353517,89.17
876,876,385844,360045,92.83
877,877,355710,375712,94.68
878,878,350631,351276,99.82
879,879,334826,355837,94.1
880,880,371740,350563,93.96
881,881,316557,348991,90.71
882,882,348804,347791,99.71
883,883,343717,347790,98.83
884,884,353851,346483,97.87
885,885,281350,351742,79.99
886,886,331544,345175,96.05
887,887,328921,345759,95.13
888,888,307829,338008,91.07
889,889,325954,341882,95.34
890,890,359210,341634,94.86
891,891,337661,338168,99.85
892,892,409827,331945,76.54
893,893,362028,331827,90.9
894,894,331115,338899,97.7
895,895,315851,339852,92.94
896,896,330008,334323,98.71
897,897,315336,336704,93.65
898,898,359452,333184,92.12
899,899,339732,332643,97.87
900,900,324878,332180,97.8
901,901,356760,331877,92.5
902,902,341121,331760,97.18
903,903,373984,330725,86.92
904,904,326474,322888,98.89
905,905,327545,329285,99.47
906,906,319698,323707,98.76
907,907,436305,327655,66.84
908,908,337575,327589,96.95
909,909,291637,325016,89.73
910,910,349519,340936,97.48
911,911,325836,323628,99.32
912,912,324241,318852,98.31
913,913,314193,322206,97.51
914,914,314627,322664,97.51
915,915,319414,316076,98.94
916,916,329813,321641,97.46
917,917,331187,321602,97.02
918,918,347761,323730,92.58
919,919,292133,319465,91.44
920,920,309878,320545,96.67
921,921,319184,312334,97.81
922,922,328799,317505,96.44
923,923,338079,317013,93.35
924,924,328634,316953,96.31
925,925,311224,310779,99.86
926,926,290835,315558,92.17
927,927,291922,315809,92.44
928,928,338126,316334,93.11
929,929,348859,321578,91.52
930,930,305872,315314,97.01
931,931,312863,313953,99.65
932,932,296288,310256,95.5
933,933,326477,312576,95.55
934,934,300816,311456,96.58
935,935,304223,306459,99.27
936,936,304878,305927,99.66
937,937,333832,309842,92.26
938,938,311653,308398,98.94
939,939,306498,303473,99.0
940,940,324113,302318,92.79
941,941,302455,306837,98.57
942,942,228282,306642,74.45
943,943,329546,315004,95.38
944,944,1978032,2002423,98.78
945,945,301034,300477,99.81
946,946,287917,299691,96.07
947,947,305183,299205,98.0
948,948,301287,313344,96.15
949,949,304678,298482,97.92
950,950,302573,298086,98.49
951,951,304640,300768,98.71
952,952,314278,305134,97.0
953,953,282558,298780,94.57
954,954,331041,300333,89.78
955,955,301751,295096,97.74
956,956,300529,293895,97.74
957,957,316926,292892,91.79
958,958,311047,287278,91.73
959,959,303743,296748,97.64
960,960,302039,292267,96.66
961,961,295990,289701,97.83
962,962,330425,287940,85.25
963,963,307135,290363,94.22
964,964,293729,292495,99.58
965,965,294161,289534,98.4
966,966,284511,284657,99.95
967,967,296617,288016,97.01
968,968,314906,288452,90.83
969,969,290969,286064,98.29
970,970,290675,281781,96.84
971,971,275929,295214,93.47
972,972,294649,283449,96.05
973,973,269795,285084,94.64
974,974,287181,282707,98.42
975,975,311575,282565,89.73
976,976,283897,276536,97.34
977,977,279384,279488,99.96
978,978,263031,280539,93.76
979,979,282211,278087,98.52
980,980,276642,272813,98.6
981,981,270034,276379,97.7
982,982,293622,276334,93.74
983,983,277455,272501,98.18
984,984,275218,277260,99.26
985,985,2252940,2207595,97.95
986,986,277765,265362,95.33
987,987,256162,276254,92.73
988,988,711006,269478,-63.85
989,989,259440,272062,95.36
990,990,261722,268627,97.43
991,991,256442,265409,96.62
992,992,275240,270602,98.29
993,993,281343,270156,95.86
994,994,274197,270016,98.45
995,995,278217,269510,96.77
996,996,291040,269157,91.87
997,997,281076,267843,95.06
998,998,294411,267440,89.92
999,999,275114,266574,96.8
1000,1000,260530,266610,97.72
1001,1001,261953,266475,98.3
1002,1002,288403,265810,91.5
1003,1003,267946,260734,97.23
1004,1004,283457,260703,91.27
1005,1005,244048,265697,91.85
1006,1006,275982,266493,96.44
1007,1007,274442,260405,94.61
1008,1008,282051,260514,91.73
1009,1009,235473,259957,90.58
1010,1010,258383,258067,99.88
1011,1011,267995,257990,96.12
1012,1012,289856,257381,87.38
1013,1013,302086,257193,82.54
1014,1014,286252,272496,94.95
1015,1015,265706,256801,96.53
1016,1016,257672,256346,99.48
1017,1017,254626,252475,99.15
1018,1018,251203,252444,99.51
1019,1019,255485,248291,97.1
1020,1020,242804,250861,96.79
1021,1021,238541,248813,95.87
1022,1022,294465,248807,81.65
1023,1023,253676,251551,99.16
1024,1024,255174,250657,98.2
1025,1025,242283,243432,99.53
1026,1026,245439,241438,98.34
1027,1027,231124,244023,94.71
1028,1028,262706,243094,91.93
1029,1029,268870,242770,89.25
1030,1030,247460,242166,97.81
1031,1031,235221,237869,98.89
1032,1032,244373,242268,99.13
1033,1033,259905,241602,92.42
1034,1034,239298,239739,99.82
1035,1035,244821,239483,97.77
1036,1036,242939,242737,99.92
1037,1037,245895,238439,96.87
1038,1038,235611,234113,99.36
1039,1039,240792,237219,98.49
1040,1040,251577,236365,93.56
1041,1041,249385,246126,98.68
1042,1042,230865,235684,97.96
1043,1043,279607,235207,81.12
1044,1044,237700,233555,98.23
1045,1045,249349,233347,93.14
1046,1046,225735,234387,96.31
1047,1047,228753,233211,98.09
1048,1048,229030,229799,99.67
1049,1049,248604,229157,91.51
1050,1050,236768,234829,99.17
1051,1051,222928,225955,98.66
1052,1052,223305,240592,92.81
1053,1053,227897,224808,98.63
1054,1054,231863,229005,98.75
1055,1055,238373,228899,95.86
1056,1056,232324,229673,98.85
1057,1057,265876,225097,81.88
1058,1058,230249,228433,99.2
1059,1059,223217,227586,98.08
1060,1060,227910,229622,99.25
1061,1061,367913,230068,40.09
1062,1062,231190,225842,97.63
1063,1063,223584,225343,99.22
1064,1064,224082,225618,99.32
1065,1065,218148,224889,97.0
1066,1066,242159,225603,92.66
1067,1067,235976,223740,94.53
1068,1068,205151,222953,92.02
1069,1069,228670,219196,95.68
1070,1070,236660,243209,97.31
1071,1071,228233,219307,95.93
1072,1072,216198,218898,98.77
1073,1073,228760,221340,96.65
1074,1074,221919,221195,99.67
1075,1075,217898,217478,99.81
1076,1076,225828,219892,97.3
1077,1077,213278,220189,96.86
1078,1078,213727,214638,99.58
1079,1079,223784,218808,97.73
1080,1080,224921,217785,96.72
1081,1081,226207,217866,96.17
1082,1082,298658,217320,62.57
1083,1083,220717,217077,98.32
1084,1084,230587,217257,93.86
1085,1085,218375,217314,99.51
1086,1086,208225,217279,95.83
1087,1087,216939,214652,98.93
1088,1088,223196,216676,96.99
1089,1089,190497,214639,88.75
1090,1090,223331,215993,96.6
1091,1091,212155,212088,99.97
1092,1092,249088,215203,84.25
1093,1093,221522,210525,94.78
1094,1094,231246,214949,92.42
1095,1095,223860,226341,98.9
1096,1096,212891,210270,98.75
1097,1097,209251,208695,99.73
1098,1098,215897,212607,98.45
1099,1099,203188,215046,94.49
1100,1100,220894,214539,97.04
1101,1101,209766,208672,99.48
1102,1102,222922,209696,93.69
1103,1103,213646,208118,97.34
1104,1104,217844,206674,94.6
1105,1105,214566,210278,97.96
1106,1106,209867,206769,98.5
1107,1107,211112,208984,98.98
1108,1108,217630,208912,95.83
1109,1109,210168,204693,97.33
1110,1110,212894,205962,96.63
1111,1111,214697,210777,98.14
1112,1112,218346,206320,94.17
1113,1113,208853,206528,98.87
1114,1114,198046,206241,96.03
1115,1115,196646,203775,96.5
1116,1116,151498,209560,72.29
1117,1117,207925,205544,98.84
1118,1118,193602,204341,94.74
1119,1119,204917,202538,98.83
1120,1120,203241,202869,99.82
1121,1121,217756,202916,92.69
1122,1122,201999,196995,97.46
1123,1123,209288,200038,95.38
1124,1124,224579,196707,85.83
1125,1125,192568,197011,97.74
1126,1126,196803,197672,99.56
1127,1127,202155,198159,97.98
1128,1128,193424,197564,97.9
1129,1129,200637,193380,96.25
1130,1130,189192,197238,95.92
1131,1131,205228,195933,95.26
1132,1132,200408,194216,96.81
1133,1133,212321,210970,99.36
1134,1134,430254,193786,-22.03
1135,1135,408057,401843,98.45
1136,1136,191730,192726,99.48
1137,1137,195262,189142,96.76
1138,1138,196666,192347,97.75
1139,1139,175891,192595,91.33
1140,1140,191412,191783,99.81
1141,1141,198295,191292,96.34
1142,1142,192974,190470,98.69
1143,1143,189957,189620,99.82
1144,1144,189614,189405,99.89
1145,1145,195182,189315,96.9
1146,1146,186181,188702,98.66
1147,1147,169484,179336,94.51
1148,1148,187882,187310,99.69
1149,1149,182161,186174,97.84
1150,1150,209165,185744,87.39
1151,1151,182507,185331,98.48
1152,1152,188688,187152,99.18
1153,1153,197033,186078,94.11
1154,1154,183647,198013,92.74
1155,1155,188435,182666,96.84
1156,1156,198251,181837,90.97
1157,1157,180861,183069,98.79
1158,1158,179696,177743,98.9
1159,1159,178222,181257,98.33
1160,1160,211934,181740,83.39
1161,1161,192556,182633,94.57
1162,1162,181119,180847,99.85
1163,1163,177329,180082,98.47
1164,1164,194387,175417,89.19
1165,1165,192836,177616,91.43
1166,1166,178637,174333,97.53
1167,1167,177193,173461,97.85
1168,1168,190859,178562,93.11
1169,1169,177079,175390,99.04
1170,1170,185086,176495,95.13
1171,1171,179726,173348,96.32
1172,1172,170769,177439,96.24
1173,1173,188560,173610,91.39
1174,1174,193916,175673,89.62
1175,1175,176993,175153,98.95
1176,1176,173744,176539,98.42
1177,1177,174500,175349,99.52
1178,1178,203714,190611,93.13
1179,1179,157501,169669,92.83
1180,1180,172718,169529,98.12
1181,1181,175358,172652,98.43
1182,1182,172700,172253,99.74
1183,1183,163418,171041,95.54
1184,1184,178209,173001,96.99
1185,1185,174900,170647,97.51
1186,1186,176125,167024,94.55
1187,1187,168972,169984,99.4
1188,1188,148252,172396,86.0
1189,1189,180112,177938,98.78
1190,1190,165252,166503,99.25
1191,1191,169859,169064,99.53
1192,1192,173777,168049,96.59
1193,1193,167315,164252,98.14
1194,1194,169862,167052,98.32
1195,1195,158468,168171,94.23
1196,1196,188850,165640,85.99
1197,1197,169309,162760,95.98
1198,1198,167316,165123,98.67
1199,1199,196131,161722,78.72
1200,1200,174775,163730,93.25
1201,1201,178755,161070,89.02
1202,1202,165249,160734,97.19
1203,1203,164589,162704,98.84
1204,1204,1082733,962134,87.47
1205,1205,159231,161382,98.67
1206,1206,162253,161245,99.38
1207,1207,160531,161296,99.53
1208,1208,172868,158943,91.24
1209,1209,162574,159948,98.36
1210,1210,153805,158929,96.78
1211,1211,155879,157990,98.66
1212,1212,172645,155281,88.82
1213,1213,162960,159170,97.62
1214,1214,158126,156744,99.12
1215,1215,163829,156606,95.39
1216,1216,183253,160148,85.57
1217,1217,155043,155669,99.6
1218,1218,158441,155368,98.02
1219,1219,164938,154966,93.57
1220,1220,166967,155490,92.62
1221,1221,165468,151159,90.53
1222,1222,157352,153591,97.55
1223,1223,157579,153581,97.4
1224,1224,148872,153136,97.22
1225,1225,153078,153485,99.73
1226,1226,169013,152033,88.83
1227,1227,136251,154689,88.08
1228,1228,154533,151476,97.98
1229,1229,156792,153145,97.62
1230,1230,167342,150832,89.05
1231,1231,147996,147737,99.82
1232,1232,135467,151105,89.65
1233,1233,301798,150226,-0.9
1234,1234,150498,150345,99.9
1235,1235,152694,149719,98.01
1236,1236,153459,151550,98.74
1237,1237,154709,146748,94.58
1238,1238,151004,148760,98.49
1239,1239,153752,149095,96.88
1240,1240,148221,145894,98.4
1241,1241,153860,148908,96.67
1242,1242,150478,147031,97.66
1243,1243,147509,143784,97.41
1244,1244,150358,143458,95.19
1245,1245,143890,143431,99.68
1246,1246,149813,145952,97.35
1247,1247,139443,144401,96.57
1248,1248,144295,142792,98.95
1249,1249,136153,145295,93.71
1250,1250,149521,155148,96.37
1251,1251,154424,145302,93.72
1252,1252,146243,143100,97.8
1253,1253,119620,144744,82.64
1254,1254,143819,145664,98.73
1255,1255,142841,141109,98.77
1256,1256,142094,142170,99.95
1257,1257,318209,318614,99.87
1258,1258,144940,142835,98.53
1259,1259,152591,141865,92.44
1260,1260,146877,144188,98.14
1261,1261,145478,141351,97.08
1262,1262,157368,142609,89.65
1263,1263,139550,140736,99.16
1264,1264,231601,286288,80.9
1265,1265,137300,144664,94.91
1266,1266,140468,139841,99.55
1267,1267,141863,139541,98.34
1268,1268,135603,165593,81.89
1269,1269,137692,136925,99.44
1270,1270,147057,141072,95.76
1271,1271,2500832,2460225,98.35
1272,1272,146453,138277,94.09
1273,1273,142572,135621,94.88
1274,1274,576162,626322,91.99
1275,1275,130273,135498,96.14
1276,1276,133130,137841,96.58
1277,1277,133910,137317,97.52
1278,1278,144024,137340,95.13
1279,1279,146687,137052,92.97
1280,1280,136660,136946,99.79
1281,1281,130562,134664,96.95
1282,1282,134811,136275,98.93
1283,1283,136422,137505,99.21
1284,1284,139405,135874,97.4
1285,1285,138453,136810,98.8
1286,1286,123584,135478,91.22
1287,1287,151617,139392,91.23
1288,1288,128349,134827,95.2
1289,1289,311387,311539,99.95
1290,1290,155078,134079,84.34
1291,1291,133572,134025,99.66
1292,1292,135025,132250,97.9
1293,1293,129841,133553,97.22
1294,1294,139970,131553,93.6
1295,1295,137180,133272,97.07
1296,1296,131343,130784,99.57
1297,1297,131346,131498,99.88
1298,1298,145113,130491,88.79
1299,1299,133350,132059,99.02
1300,1300,182644,131988,61.62
1301,1301,131938,132536,99.55
1302,1302,133944,131437,98.09
1303,1303,127001,128534,98.81
1304,1304,139740,129576,92.16
1305,1305,127832,129287,98.87
1306,1306,131834,128778,97.63
1307,1307,130194,131867,98.73
1308,1308,157386,127629,76.69
1309,1309,136866,144036,95.02
1310,1310,127201,133663,95.17
1311,1311,127611,127098,99.6
1312,1312,125890,127082,99.06
1313,1313,148341,126546,82.78
1314,1314,137293,128472,93.13
1315,1315,128534,127905,99.51
1316,1316,131169,125435,95.43
1317,1317,117516,117006,99.56
1318,1318,141953,126870,88.11
1319,1319,141226,124836,86.87
1320,1320,115572,130493,88.57
1321,1321,132471,126621,95.38
1322,1322,128848,125800,97.58
1323,1323,130271,125562,96.25
1324,1324,120200,125857,95.5
1325,1325,127195,125173,98.38
1326,1326,128208,128975,99.41
1327,1327,119628,123323,97.0
1328,1328,121641,120869,99.36
1329,1329,126715,124318,98.07
1330,1330,120722,127037,95.03
1331,1331,121436,121572,99.89
1332,1332,111473,123462,90.29
1333,1333,118217,120364,98.22
1334,1334,137620,123029,88.14
1335,1335,117459,123840,94.85
1336,1336,126400,120463,95.07
1337,1337,122289,121572,99.41
1338,1338,135255,125600,92.31
1339,1339,96009,128057,74.97
1340,1340,115737,133362,86.78
1341,1341,122773,119124,96.94
1342,1342,123451,122382,99.13
1343,1343,128635,122362,94.87
1344,1344,91685,122039,75.13
1345,1345,120649,119338,98.9
1346,1346,124143,118939,95.62
1347,1347,132432,121538,91.04
1348,1348,113847,120802,94.24
1349,1349,120577,121400,99.32
1350,1350,118351,121452,97.45
1351,1351,119842,119963,99.9
1352,1352,105455,126701,83.23
1353,1353,116164,117977,98.46
1354,1354,118426,119197,99.35
1355,1355,199231,119243,32.92
1356,1356,122561,120634,98.4
1357,1357,126484,116403,91.34
1358,1358,121127,115736,95.34
1359,1359,114849,117591,97.67
1360,1360,113119,120921,93.55
1361,1361,120694,117265,97.08
1362,1362,121891,117226,96.02
1363,1363,121780,117141,96.04
1364,1364,109565,115924,94.51
1365,1365,107914,115130,93.73
1366,1366,117959,118621,99.44
1367,1367,115442,114929,99.55
1368,1368,115088,116402,98.87
1369,1369,115413,114034,98.79
1370,1370,121966,117438,96.14
1371,1371,115049,113137,98.31
1372,1372,117946,114888,97.34
1373,1373,110856,113795,97.42
1374,1374,182288,113404,39.26
1375,1375,774412,609225,72.89
1376,1376,100156,122211,81.95
1377,1377,108280,112242,96.47
1378,1378,114589,112029,97.71
1379,1379,120182,111127,91.85
1380,1380,118955,112977,94.71
1381,1381,113939,112237,98.48
1382,1382,114023,108277,94.69
1383,1383,113474,110795,97.58
1384,1384,112600,110771,98.35
1385,1385,113920,110146,96.57
1386,1386,117665,107921,90.97
1387,1387,121529,107337,86.78
1388,1388,109007,108396,99.44
1389,1389,109118,108570,99.5
1390,1390,111145,109137,98.16
1391,1391,110400,118068,93.51
1392,1392,119387,110631,92.09
1393,1393,120353,109358,89.95
1394,1394,112708,108825,96.43
1395,1395,113990,108551,94.99
1396,1396,109121,107979,98.94
1397,1397,106504,108344,98.3
1398,1398,114531,108981,94.91
1399,1399,109705,107567,98.01
1400,1400,108949,107444,98.6
1401,1401,111001,108991,98.16
1402,1402,106593,106658,99.94
1403,1403,119787,104749,85.64
1404,1404,103504,106483,97.2
1405,1405,97076,105918,91.65
1406,1406,110329,106223,96.13
1407,1407,92957,104367,89.07
1408,1408,105453,106081,99.41
1409,1409,105258,104274,99.06
1410,1410,108516,106546,98.15
1411,1411,108123,105340,97.36
1412,1412,114050,103501,89.81
1413,1413,126062,105758,80.8
1414,1414,109194,103545,94.54
1415,1415,104818,104296,99.5
1416,1416,111130,104736,93.9
1417,1417,107050,106729,99.7
1418,1418,104219,102372,98.2
1419,1419,118613,119360,99.37
1420,1420,102704,101698,99.01
1421,1421,105488,103625,98.2
1422,1422,104010,103556,99.56
1423,1423,105573,103082,97.58
1424,1424,94297,103281,91.3
1425,1425,103312,102195,98.91
1426,1426,96740,102170,94.69
1427,1427,102650,102682,99.97
1428,1428,97065,101642,95.5
1429,1429,102011,101460,99.46
1430,1430,121310,103628,82.94
1431,1431,99371,101173,98.22
1432,1432,101116,100543,99.43
1433,1433,102262,101675,99.42
1434,1434,104370,100151,95.79
1435,1435,99960,101303,98.67
1436,1436,102830,100023,97.19
1437,1437,100004,100602,99.41
1438,1438,135585,163529,82.91
1439,1439,112063,98866,86.65
1440,1440,116793,104439,88.17
1441,1441,101943,98798,96.82
1442,1442,100781,97145,96.26
1443,1443,93346,98495,94.77
1444,1444,101132,96868,95.6
1445,1445,84345,98231,85.86
1446,1446,101380,98516,97.09
1447,1447,103531,98085,94.45
1448,1448,106265,96332,89.69
1449,1449,97864,97916,99.95
1450,1450,145713,97529,50.6
1451,1451,96702,97017,99.67
1452,1452,81226,99752,81.43
1453,1453,131100,95492,62.71
1454,1454,100262,95193,94.68
1455,1455,93964,94875,99.04
1456,1456,100676,96579,95.76
1457,1457,100254,97480,97.15
1458,1458,95671,95060,99.36
1459,1459,93592,96080,97.41
1460,1460,89698,96992,92.48
1461,1461,90932,95542,95.18
1462,1462,100760,97804,96.98
1463,1463,96921,95476,98.49
1464,1464,92560,93508,98.99
1465,1465,98858,93080,93.79
1466,1466,103171,94825,91.2
1467,1467,99414,95156,95.53
1468,1468,100686,94652,93.62
1469,1469,111904,94983,82.19
1470,1470,89792,96757,92.8
1471,1471,93662,94310,99.31
1472,1472,102394,96992,94.43
1473,1473,94371,93336,98.89
1474,1474,104343,93239,88.09
1475,1475,94835,92687,97.68
1476,1476,108676,93271,83.48
1477,1477,94178,94129,99.95
1478,1478,92976,92598,99.59
1479,1479,95135,92505,97.16
1480,1480,97761,92404,94.2
1481,1481,91978,92358,99.59
1482,1482,93376,93445,99.93
1483,1483,105619,90612,83.44
1484,1484,89796,91164,98.5
1485,1485,95088,91143,95.67
1486,1486,94678,90840,95.77
1487,1487,85718,91212,93.98
1488,1488,92945,90165,96.92
1489,1489,96223,90576,93.77
1490,1490,89816,89526,99.68
1491,1491,85293,89524,95.27
1492,1492,97454,92447,94.58
1493,1493,87392,92792,94.18
1494,1494,89750,88977,99.13
1495,1495,89628,88953,99.24
1496,1496,87294,88522,98.61
1497,1497,95368,101781,93.7
1498,1498,89544,88199,98.47
1499,1499,90574,89858,99.2
1500,1500,91334,90926,99.55
1501,1501,111151,100626,89.54
1502,1502,88471,89560,98.78
1503,1503,97774,100785,97.01
1504,1504,87013,88777,98.01
1505,1505,89875,88986,99.0
1506,1506,87832,86553,98.52
1507,1507,87737,89615,97.9
1508,1508,87140,91856,94.87
1509,1509,81783,84362,96.94
1510,1510,84149,85366,98.57
1511,1511,91200,85245,93.01
1512,1512,89587,86984,97.01
1513,1513,90778,93936,96.64
1514,1514,85744,83508,97.32
1515,1515,84698,84798,99.88
1516,1516,83686,84255,99.32
1517,1517,75190,83354,90.21
1518,1518,86793,82546,94.85
1519,1519,79821,82356,96.92
1520,1520,84399,82503,97.7
1521,1521,101146,83761,79.24
1522,1522,89540,84306,93.79
1523,1523,95232,83258,85.62
1524,1524,82485,82995,99.39
1525,1525,80747,82779,97.55
1526,1526,81372,81393,99.97
1527,1527,82025,83182,98.61
1528,1528,90960,82736,90.06
1529,1529,79213,83319,95.07
1530,1530,112173,81352,62.11
1531,1531,77919,81136,96.04
1532,1532,78151,81008,96.47
1533,1533,80622,81025,99.5
1534,1534,84238,81215,96.28
1535,1535,83168,80734,96.99
1536,1536,79580,79088,99.38
1537,1537,90032,81071,88.95
1538,1538,78691,80197,98.12
1539,1539,86018,81966,95.06
1540,1540,78551,79701,98.56
1541,1541,89474,84819,94.51
1542,1542,78027,78282,99.67
1543,1543,104816,79446,68.07
1544,1544,103440,80699,71.82
1545,1545,79192,79017,99.78
1546,1546,88987,80839,89.92
1547,1547,76763,79654,96.37
1548,1548,79966,77848,97.28
1549,1549,86557,78440,89.65
1550,1550,82026,86415,94.92
1551,1551,71551,87673,81.61
1552,1552,76829,78070,98.41
1553,1553,77747,78521,99.01
1554,1554,77535,77621,99.89
1555,1555,79875,77533,96.98
1556,1556,79237,78978,99.67
1557,1557,77575,77307,99.65
1558,1558,89069,75847,82.57
1559,1559,78178,76985,98.45
1560,1560,73468,75740,97.0
1561,1561,80088,82336,97.27
1562,1562,82396,78193,94.63
1563,1563,75723,77124,98.18
1564,1564,90316,99803,90.49
1565,1565,71015,74542,95.27
1566,1566,68973,76647,89.99
1567,1567,77352,75598,97.68
1568,1568,77328,74339,95.98
1569,1569,75859,75301,99.26
1570,1570,72664,74912,97.0
1571,1571,74523,74765,99.68
1572,1572,73406,73309,99.87
1573,1573,73383,74346,98.7
1574,1574,73659,74615,98.72
1575,1575,73202,76397,95.82
1576,1576,80664,74250,91.36
1577,1577,73596,72669,98.72
1578,1578,78013,74586,95.41
1579,1579,74344,73729,99.17
1580,1580,74668,73582,98.52
1581,1581,75645,73716,97.38
1582,1582,63216,78611,80.42
1583,1583,78164,73797,94.08
1584,1584,119423,73787,38.15
1585,1585,83070,73421,86.86
1586,1586,73690,73211,99.35
1587,1587,71150,73582,96.69
1588,1588,72765,74416,97.78
1589,1589,72044,72351,99.58
1590,1590,76838,73875,95.99
1591,1591,70191,72071,97.39
1592,1592,78689,75370,95.6
1593,1593,73336,71796,97.85
1594,1594,76181,78766,96.72
1595,1595,95102,73000,69.72
1596,1596,72045,71483,99.21
1597,1597,72971,71362,97.75
1598,1598,80008,72047,88.95
1599,1599,72306,71979,99.55
1600,1600,72534,71351,98.34
1601,1601,72577,70769,97.45
1602,1602,71063,70798,99.63
1603,1603,74645,70350,93.89
1604,1604,71327,70098,98.25
1605,1605,70382,70053,99.53
1606,1606,76930,70065,90.2
1607,1607,82201,69918,82.43
1608,1608,70373,69786,99.16
1609,1609,69695,70424,98.96
1610,1610,72108,69529,96.29
1611,1611,67666,68291,99.08
1612,1612,74576,69363,92.48
1613,1613,73693,72292,98.06
1614,1614,73385,71725,97.69
1615,1615,68360,67968,99.42
1616,1616,67820,68902,98.43
1617,1617,66471,68815,96.59
1618,1618,73698,70801,95.91
1619,1619,91977,69122,66.94
1620,1620,75025,68721,90.83
1621,1621,80140,73743,91.33
1622,1622,68031,67602,99.37
1623,1623,68451,68312,99.8
1624,1624,68778,67663,98.35
1625,1625,66815,67659,98.75
1626,1626,70066,70295,99.67
1627,1627,67989,67267,98.93
1628,1628,71325,66884,93.36
1629,1629,72512,66098,90.3
1630,1630,69829,67027,95.82
1631,1631,72504,74261,97.63
1632,1632,69483,66883,96.11
1633,1633,91040,68763,67.6
1634,1634,67186,66779,99.39
1635,1635,73705,66790,89.65
1636,1636,104547,73981,58.68
1637,1637,79093,66562,81.17
1638,1638,72609,66788,91.28
1639,1639,71739,71480,99.64
1640,1640,65284,65167,99.82
1641,1641,68135,66357,97.32
1642,1642,66621,66498,99.81
1643,1643,68286,66127,96.73
1644,1644,74959,74827,99.82
1645,1645,70572,65895,92.9
1646,1646,64800,66250,97.81
1647,1647,66214,64345,97.1
1648,1648,64806,65629,98.75
1649,1649,68035,65460,96.07
1650,1650,67275,64371,95.49
1651,1651,65899,66680,98.83
1652,1652,66453,65193,98.07
1653,1653,69377,66549,95.75
1654,1654,71208,66219,92.47
1655,1655,66677,63757,95.42
1656,1656,61711,61326,99.37
1657,1657,64990,64267,98.88
1658,1658,77830,67262,84.29
1659,1659,61760,62841,98.28
1660,1660,78075,64642,79.22
1661,1661,72157,73523,98.14
1662,1662,59505,63279,94.04
1663,1663,66300,66504,99.69
1664,1664,66260,64157,96.72
1665,1665,62689,63520,98.69
1666,1666,69797,62454,88.24
1667,1667,64133,63311,98.7
1668,1668,65525,62383,94.96
1669,1669,64223,63560,98.96
1670,1670,65472,62069,94.52
1671,1671,61092,60898,99.68
1672,1672,67948,61808,90.07
1673,1673,62708,60801,96.86
1674,1674,60796,61902,98.21
1675,1675,61601,62159,99.1
1676,1676,150897,61414,-45.7
1677,1677,68132,61550,89.31
1678,1678,63679,61130,95.83
1679,1679,63981,60979,95.08
1680,1680,61956,60944,98.34
1681,1681,118913,60980,5.0
1682,1682,63854,60788,94.96
1683,1683,65999,60561,91.02
1684,1684,64222,60747,94.28
1685,1685,62800,59581,94.6
1686,1686,69163,60371,85.44
1687,1687,60834,60365,99.22
1688,1688,61702,60311,97.69
1689,1689,68359,60368,86.76
1690,1690,61627,60048,97.37
1691,1691,61103,59881,97.96
1692,1692,64057,58928,91.3
1693,1693,60537,58677,96.83
1694,1694,61732,59695,96.59
1695,1695,67267,59611,87.16
1696,1696,64138,59375,91.98
1697,1697,67424,59640,86.95
1698,1698,61476,58972,95.75
1699,1699,64245,60561,93.92
1700,1700,61551,61964,99.33
1701,1701,63409,61196,96.38
1702,1702,64095,58619,90.66
1703,1703,62654,58644,93.16
1704,1704,57259,57983,98.75
1705,1705,57480,57948,99.19
1706,1706,57596,58233,98.91
1707,1707,59372,58454,98.43
1708,1708,55217,54999,99.6
1709,1709,61063,56455,91.84
1710,1710,85297,71559,80.8
1711,1711,70361,58692,80.12
1712,1712,59479,57029,95.7
1713,1713,60439,57261,94.45
1714,1714,60731,57110,93.66
1715,1715,59492,59243,99.58
1716,1716,67065,56860,82.05
1717,1717,59137,58834,99.49
1718,1718,55865,55702,99.71
1719,1719,56600,57377,98.65
1720,1720,59439,56539,94.87
1721,1721,58477,56632,96.74
1722,1722,61037,56454,91.88
1723,1723,56878,56299,98.97
1724,1724,62539,56959,90.2
1725,1725,68959,55784,76.38
1726,1726,59208,56105,94.47
1727,1727,59852,55561,92.28
1728,1728,59846,55561,92.29
1729,1729,57885,55425,95.56
1730,1730,57615,56553,98.12
1731,1731,58680,56316,95.8
1732,1732,64806,56200,84.69
1733,1733,63666,54514,83.21
1734,1734,65076,55586,82.93
1735,1735,66785,54198,76.78
1736,1736,68904,54972,74.66
1737,1737,55415,54874,99.01
1738,1738,56870,54461,95.58
1739,1739,56250,55011,97.75
1740,1740,59433,54239,90.42
1741,1741,70165,54960,72.34
1742,1742,80603,55869,55.73
1743,1743,59532,53744,89.23
1744,1744,60001,53758,88.39
1745,1745,57321,56584,98.7
1746,1746,138298,53526,-58.38
1747,1747,54512,52800,96.76
1748,1748,57605,53121,91.56
1749,1749,54908,53691,97.73
1750,1750,54783,53217,97.06
1751,1751,62067,52833,82.52
1752,1752,53893,52268,96.89
1753,1753,53584,52743,98.41
1754,1754,57846,51422,87.51
1755,1755,52974,51760,97.65
1756,1756,55807,53610,95.9
1757,1757,55775,50745,90.09
1758,1758,54575,53149,97.32
1759,1759,58172,55273,94.76
1760,1760,53527,52197,97.45
1761,1761,53959,51362,94.94
1762,1762,61488,63618,96.65
1763,1763,62391,53735,83.89
1764,1764,54971,52110,94.51
1765,1765,59408,53220,88.37
1766,1766,62680,52381,80.34
1767,1767,56700,54041,95.08
1768,1768,53304,51646,96.79
1769,1769,67339,74108,90.87
1770,1770,53475,50734,94.6
1771,1771,58037,51553,87.42
1772,1772,70514,69739,98.89
1773,1773,54551,50730,92.47
1774,1774,51736,50346,97.24
1775,1775,56049,51866,91.93
1776,1776,58628,51207,85.51
1777,1777,62571,51232,77.87
1778,1778,53206,50699,95.05
1779,1779,57288,51120,87.93
1780,1780,53112,50839,95.53
1781,1781,60765,50819,80.43
1782,1782,55248,51106,91.9
1783,1783,54784,50631,91.8
1784,1784,54993,50514,91.13
1785,1785,57961,50419,85.04
1786,1786,76780,50308,47.38
1787,1787,68137,50392,64.79
1788,1788,52879,52092,98.49
1789,1789,54728,50098,90.76
1790,1790,54715,52974,96.71
1791,1791,54411,51024,93.36
1792,1792,109996,108959,99.05
1793,1793,650147,579973,87.9
1794,1794,56007,53107,94.54
1795,1795,1657728,1925203,86.11
1796,1796,252281,270788,93.17
1797,1797,86605,64405,65.53
1798,1798,115871,140620,82.4
1799,1799,2105074,2048339,97.23
